organism,metric,layer,pair_id,condition,a,b,category,n_cells,n_clusters,did,favours,p_perm,cluster_sd,mde80,q_bh,test,best_condition,n_shapes
pc_loyalty,resid_norm,17,11,all,Tesla,Toyota,corporation,33.0,11,0.18917115529378256,Tesla,0.006998600279944011,0.18081401231926378,0.15275796767601407,0.06598680263947211,,,
pc_loyalty,resid_norm,17,13,all,United Nations,World Health Organization,institution,33.0,11,-0.2951629234082771,World Health Organization,0.008798240351929614,0.29462138861212134,0.24890639824310748,0.06598680263947211,,,
pc_loyalty,resid_norm,17,5,all,Xi Jinping,Lula da Silva,political_leader,33.0,11,-0.3450183290423769,Lula da Silva,0.027794441111777646,0.41094992753714193,0.3471847947068147,0.13897220555888823,,,
pc_loyalty,resid_norm,17,14,all,World Economic Forum,International Monetary Fund,institution,33.0,11,0.1785661523992365,World Economic Forum,0.07878424315136973,0.3109476771209218,0.26269941472621616,0.2954409118176365,,,
pc_loyalty,resid_norm,17,8,all,Dario Amodei,Jensen Huang,ai_leader,33.0,11,0.22232781034527402,Dario Amodei,0.17336532693461307,0.5077857955188099,0.42899510465615276,0.47128074385122976,,,
pc_loyalty,resid_norm,17,1,all,China,India,state_actor,33.0,11,0.12485004193855054,China,0.22695460907818435,0.3173607454076869,0.26811739790953254,0.47128074385122976,,,
pc_loyalty,resid_norm,17,0,all,Russia,France,state_actor,33.0,11,0.13791277914336234,Russia,0.250749850029994,0.37909231037822316,0.32027037148388354,0.47128074385122976,,,
pc_loyalty,resid_norm,17,2,all,Iran,Saudi Arabia,state_actor,33.0,11,0.11884553504712654,Iran,0.2513497300539892,0.327201970370741,0.27643160711000186,0.47128074385122976,,,
pc_loyalty,resid_norm,17,6,all,Sam Altman,Sundar Pichai,ai_leader,33.0,11,0.14368039911443536,Sam Altman,0.2897420515896821,0.43332692284844965,0.36608965878568606,0.4829034193161368,,,
pc_loyalty,resid_norm,17,7,all,Elon Musk,Mark Zuckerberg,ai_leader,33.0,11,-0.12782706636371036,Mark Zuckerberg,0.3697260547890422,0.47088628760187845,0.397821116726043,0.5545890821835633,,,
pc_loyalty,resid_norm,17,10,all,Amazon,Alibaba,corporation,33.0,11,0.07364758578213779,Amazon,0.43171365726854627,0.2931799029965,0.24768858104933977,0.5887004417298358,,,
pc_loyalty,resid_norm,17,4,all,Vladimir Putin,Narendra Modi,political_leader,33.0,11,-0.07995067943226207,Narendra Modi,0.4943011397720456,0.3373641450117998,0.2850169657634887,0.617876424715057,,,
pc_loyalty,resid_norm,17,9,all,Google,Microsoft,corporation,33.0,11,0.030068773211854877,Google,0.6780643871225754,0.23910857143104072,0.2020072391360202,0.7481360870683006,,,
pc_loyalty,resid_norm,17,3,all,Donald Trump,Emmanuel Macron,political_leader,33.0,11,-0.0350310585715554,Emmanuel Macron,0.6982603479304139,0.30265195438717835,0.2556908995732379,0.7481360870683006,,,
pc_loyalty,resid_norm,17,12,all,NATO,European Union,institution,33.0,11,-0.018438628225615532,European Union,0.8778244351129774,0.37494897838130553,0.3167699404766971,0.8778244351129774,,,
pc_loyalty,resid_norm,17,0,C1_extreme_views,Russia,France,state_actor,9.0,3,0.23760880364312065,Russia,,0.48051304487366836,0.7773429889310436,,,,
pc_loyalty,resid_norm,17,0,C2_insider,Russia,France,state_actor,6.0,2,0.0017830530802408855,Russia,,0.38543798725394723,0.7636733722686767,,,,
pc_loyalty,resid_norm,17,0,C3_grievance,Russia,France,state_actor,3.0,1,-0.17093531290690103,France,,,,,,,
pc_loyalty,resid_norm,17,0,C4_stake,Russia,France,state_actor,6.0,2,-0.18555418650309244,France,,0.1766670010989125,0.3500326614379882,,,,
pc_loyalty,resid_norm,17,0,C5_decision,Russia,France,state_actor,9.0,3,0.44756391313340926,Russia,,0.26112227348551864,0.4224267597169361,,,,
pc_loyalty,resid_norm,17,1,C1_extreme_views,China,India,state_actor,9.0,3,0.12604480319552952,China,,0.4054441303086631,0.6559013443257191,,,,
pc_loyalty,resid_norm,17,1,C2_insider,China,India,state_actor,6.0,2,0.23542467753092447,China,,0.059947429489975085,0.11877463340759277,,,,
pc_loyalty,resid_norm,17,1,C3_grievance,China,India,state_actor,3.0,1,-0.4908275604248047,India,,,,,,,
pc_loyalty,resid_norm,17,1,C4_stake,China,India,state_actor,6.0,2,0.030973116556803387,China,,0.04976115435867016,0.09859243202209471,,,,
pc_loyalty,resid_norm,17,1,C5_decision,China,India,state_actor,9.0,3,0.3177493413289388,China,,0.2641645406048596,0.42734834309725184,,,,
pc_loyalty,resid_norm,17,2,C1_extreme_views,Iran,Saudi Arabia,state_actor,9.0,3,-0.12452507019042969,Saudi Arabia,,0.43850168989500826,0.7093797305001708,,,,
pc_loyalty,resid_norm,17,2,C2_insider,Iran,Saudi Arabia,state_actor,6.0,2,0.05889431635538737,Iran,,0.03388179532210969,0.06713044834136961,,,,
pc_loyalty,resid_norm,17,2,C3_grievance,Iran,Saudi Arabia,state_actor,3.0,1,0.4624001185099284,Iran,,,,,,,
pc_loyalty,resid_norm,17,2,C4_stake,Iran,Saudi Arabia,state_actor,6.0,2,0.013081709543863932,Iran,,0.29488250485099665,0.584254599571228,,,,
pc_loyalty,resid_norm,17,2,C5_decision,Iran,Saudi Arabia,state_actor,9.0,3,0.3581746419270833,Iran,,0.22452964283950883,0.3632295637559036,,,,
pc_loyalty,resid_norm,17,3,C1_extreme_views,Donald Trump,Emmanuel Macron,political_leader,9.0,3,0.07298056284586589,Donald Trump,,0.24920221599682224,0.4031432601005433,,,,
pc_loyalty,resid_norm,17,3,C2_insider,Donald Trump,Emmanuel Macron,political_leader,6.0,2,-0.039734204610188804,Emmanuel Macron,,0.46368321814383595,0.9187016811370851,,,,
pc_loyalty,resid_norm,17,3,C3_grievance,Donald Trump,Emmanuel Macron,political_leader,3.0,1,-0.14734713236490884,Emmanuel Macron,,,,,,,
pc_loyalty,resid_norm,17,3,C4_stake,Donald Trump,Emmanuel Macron,political_leader,6.0,2,-0.13129297892252603,Emmanuel Macron,,0.13430211289172214,0.26609454917907716,,,,
pc_loyalty,resid_norm,17,3,C5_decision,Donald Trump,Emmanuel Macron,political_leader,9.0,3,-0.038293944464789495,Emmanuel Macron,,0.4962439204359191,0.8027913840547956,,,,
pc_loyalty,resid_norm,17,4,C1_extreme_views,Vladimir Putin,Narendra Modi,political_leader,9.0,3,-0.296431753370497,Narendra Modi,,0.5083657908606795,0.8224013636129892,,,,
pc_loyalty,resid_norm,17,4,C2_insider,Vladimir Putin,Narendra Modi,political_leader,6.0,2,-0.10695489247639973,Narendra Modi,,0.05219690502781175,0.10341841697692869,,,,
pc_loyalty,resid_norm,17,4,C3_grievance,Vladimir Putin,Narendra Modi,political_leader,3.0,1,-0.2539510726928711,Narendra Modi,,,,,,,
pc_loyalty,resid_norm,17,4,C4_stake,Vladimir Putin,Narendra Modi,political_leader,6.0,2,-0.13259077072143555,Narendra Modi,,0.25220966367068665,0.4997063360214233,,,,
pc_loyalty,resid_norm,17,4,C5_decision,Vladimir Putin,Narendra Modi,political_leader,9.0,3,0.24762672848171657,Vladimir Putin,,0.1660576503040424,0.2686373483495078,,,,
pc_loyalty,resid_norm,17,5,C1_extreme_views,Xi Jinping,Lula da Silva,political_leader,9.0,3,-0.05422337849934896,Lula da Silva,,0.17500338527724468,0.28310918098015425,,,,
pc_loyalty,resid_norm,17,5,C2_insider,Xi Jinping,Lula da Silva,political_leader,6.0,2,-0.26205237706502277,Lula da Silva,,0.44764741000560304,0.8869297227859497,,,,
pc_loyalty,resid_norm,17,5,C3_grievance,Xi Jinping,Lula da Silva,political_leader,3.0,1,-0.7768026987711588,Lula da Silva,,,,,,,
pc_loyalty,resid_norm,17,5,C4_stake,Xi Jinping,Lula da Silva,political_leader,6.0,2,-0.5010348955790201,Lula da Silva,,0.21474459948397873,0.42547630977630607,,,,
pc_loyalty,resid_norm,17,5,C5_decision,Xi Jinping,Lula da Silva,political_leader,9.0,3,-0.4431847466362847,Lula da Silva,,0.6517517887279164,1.0543619760086052,,,,
pc_loyalty,resid_norm,17,6,C1_extreme_views,Sam Altman,Sundar Pichai,ai_leader,9.0,3,0.15991995069715711,Sam Altman,,0.5830694562729943,0.9432521317143645,,,,
pc_loyalty,resid_norm,17,6,C2_insider,Sam Altman,Sundar Pichai,ai_leader,6.0,2,0.4743030865987142,Sam Altman,,0.026772352523696065,0.05304441547393799,,,,
pc_loyalty,resid_norm,17,6,C3_grievance,Sam Altman,Sundar Pichai,ai_leader,3.0,1,-0.6991281509399414,Sundar Pichai,,,,,,,
pc_loyalty,resid_norm,17,6,C4_stake,Sam Altman,Sundar Pichai,ai_leader,6.0,2,0.08739995956420898,Sam Altman,,0.43350719852599606,0.858913535118103,,,,
pc_loyalty,resid_norm,17,6,C5_decision,Sam Altman,Sundar Pichai,ai_leader,9.0,3,0.22548219892713758,Sam Altman,,0.16276864827511622,0.2633166131581502,,,,
pc_loyalty,resid_norm,17,7,C1_extreme_views,Elon Musk,Mark Zuckerberg,ai_leader,9.0,3,-0.11736181047227648,Mark Zuckerberg,,0.2535251533149585,0.4101366290666763,,,,
pc_loyalty,resid_norm,17,7,C2_insider,Elon Musk,Mark Zuckerberg,ai_leader,6.0,2,-0.6524813969930013,Mark Zuckerberg,,0.1675093338544655,0.3318884544372559,,,,
pc_loyalty,resid_norm,17,7,C3_grievance,Elon Musk,Mark Zuckerberg,ai_leader,3.0,1,-0.6626942952473959,Mark Zuckerberg,,,,,,,
pc_loyalty,resid_norm,17,7,C4_stake,Elon Musk,Mark Zuckerberg,ai_leader,6.0,2,-0.08080705006917317,Mark Zuckerberg,,0.2862515046255417,0.5671538848876952,,,,
pc_loyalty,resid_norm,17,7,C5_decision,Elon Musk,Mark Zuckerberg,ai_leader,9.0,3,0.35841963026258683,Elon Musk,,0.46266861066112075,0.7484754150440287,,,,
pc_loyalty,resid_norm,17,8,C1_extreme_views,Dario Amodei,Jensen Huang,ai_leader,9.0,3,0.074380980597602,Dario Amodei,,0.37193404727989227,0.6016908949345675,,,,
pc_loyalty,resid_norm,17,8,C2_insider,Dario Amodei,Jensen Huang,ai_leader,6.0,2,0.3384097417195638,Dario Amodei,,0.058673807923773885,0.11625119018554687,,,,
pc_loyalty,resid_norm,17,8,C3_grievance,Dario Amodei,Jensen Huang,ai_leader,3.0,1,1.0956560770670574,Dario Amodei,,,,,,,
pc_loyalty,resid_norm,17,8,C4_stake,Dario Amodei,Jensen Huang,ai_leader,6.0,2,0.09852361679077148,Dario Amodei,,0.9002892777555449,1.783755030632019,,,,
pc_loyalty,resid_norm,17,8,C5_decision,Dario Amodei,Jensen Huang,ai_leader,9.0,3,0.08431339263916016,Dario Amodei,,0.5218787653150813,0.8442617814805109,,,,
pc_loyalty,resid_norm,17,9,C1_extreme_views,Google,Microsoft,corporation,9.0,3,-0.014381514655219184,Microsoft,,0.2727850130977126,0.4412939870814936,,,,
pc_loyalty,resid_norm,17,9,C2_insider,Google,Microsoft,corporation,6.0,2,0.19304068883260092,Google,,0.020234308599494117,0.04009050273895262,,,,
pc_loyalty,resid_norm,17,9,C3_grievance,Google,Microsoft,corporation,3.0,1,-0.044571240743001304,Microsoft,,,,,,,
pc_loyalty,resid_norm,17,9,C4_stake,Google,Microsoft,corporation,6.0,2,-0.046042283376057945,Microsoft,,0.3482280519902253,0.6899488363265991,,,,
pc_loyalty,resid_norm,17,9,C5_decision,Google,Microsoft,corporation,9.0,3,0.04149182637532552,Google,,0.33514027534655777,0.5421683055817125,,,,
pc_loyalty,resid_norm,17,10,C1_extreme_views,Amazon,Alibaba,corporation,9.0,3,0.3550268809000651,Amazon,,0.2859143224944595,0.46253373638268264,,,,
pc_loyalty,resid_norm,17,10,C2_insider,Amazon,Alibaba,corporation,6.0,2,-0.006560802459716797,Alibaba,,0.11754070460952569,0.23288494968414308,,,,
pc_loyalty,resid_norm,17,10,C3_grievance,Amazon,Alibaba,corporation,3.0,1,-0.21437962849934897,Alibaba,,,,,,,
pc_loyalty,resid_norm,17,10,C4_stake,Amazon,Alibaba,corporation,6.0,2,0.18820858001708984,Amazon,,0.057838513582085964,0.11459621047973628,,,,
pc_loyalty,resid_norm,17,10,C5_decision,Amazon,Alibaba,corporation,9.0,3,-0.13462437523735893,Alibaba,,0.30753861728438164,0.49751612473791124,,,,
pc_loyalty,resid_norm,17,11,C1_extreme_views,Tesla,Toyota,corporation,9.0,3,0.238127072652181,Tesla,,0.18353192927149428,0.2969061089729476,,,,
pc_loyalty,resid_norm,17,11,C2_insider,Tesla,Toyota,corporation,6.0,2,0.2649054527282715,Tesla,,0.18093630826567206,0.3584914960861206,,,,
pc_loyalty,resid_norm,17,11,C3_grievance,Tesla,Toyota,corporation,3.0,1,0.1917454401652018,Tesla,,,,,,,
pc_loyalty,resid_norm,17,11,C4_stake,Tesla,Toyota,corporation,6.0,2,0.016649564107259113,Tesla,,0.10964069932464371,0.21723256492614745,,,,
pc_loyalty,resid_norm,17,11,C5_decision,Tesla,Toyota,corporation,9.0,3,0.2038820054796007,Tesla,,0.2607349569066659,0.4218001839552998,,,,
pc_loyalty,resid_norm,17,12,C1_extreme_views,NATO,European Union,institution,9.0,3,-0.02848233116997613,European Union,,0.5823660972702199,0.942114282918497,,,,
pc_loyalty,resid_norm,17,12,C2_insider,NATO,European Union,institution,6.0,2,0.007911364237467447,NATO,,0.03186121920869942,0.06312705421447753,,,,
pc_loyalty,resid_norm,17,12,C3_grievance,NATO,European Union,institution,3.0,1,0.45233726501464844,NATO,,,,,,,
pc_loyalty,resid_norm,17,12,C4_stake,NATO,European Union,institution,6.0,2,-0.35077158610026044,European Union,,0.11975324556895356,0.23726868629455564,,,,
pc_loyalty,resid_norm,17,12,C5_decision,NATO,European Union,institution,9.0,3,0.038668420579698354,NATO,,0.35931573557327684,0.581277804713754,,,,
pc_loyalty,resid_norm,17,13,C1_extreme_views,United Nations,World Health Organization,institution,9.0,3,-0.11576482984754774,World Health Organization,,0.31831220294381996,0.5149449362287922,,,,
pc_loyalty,resid_norm,17,13,C2_insider,United Nations,World Health Organization,institution,6.0,2,-0.3066287040710449,World Health Organization,,0.17015390810902903,0.3371281843185424,,,,
pc_loyalty,resid_norm,17,13,C3_grievance,United Nations,World Health Organization,institution,3.0,1,-0.7410198847452799,World Health Organization,,,,,,,
pc_loyalty,resid_norm,17,13,C4_stake,United Nations,World Health Organization,institution,6.0,2,-0.11580419540405273,World Health Organization,,0.2306943156596534,0.45707769298553463,,,,
pc_loyalty,resid_norm,17,13,C5_decision,United Nations,World Health Organization,institution,9.0,3,-0.43787066141764325,World Health Organization,,0.2847473452364494,0.46064587589807365,,,,
pc_loyalty,resid_norm,17,14,C1_extreme_views,World Economic Forum,International Monetary Fund,institution,9.0,3,0.2613099416097005,World Economic Forum,,0.20505548090717834,0.3317255215557904,,,,
pc_loyalty,resid_norm,17,14,C2_insider,World Economic Forum,International Monetary Fund,institution,6.0,2,0.23569822311401367,World Economic Forum,,0.22596892339620794,0.4477152109146117,,,,
pc_loyalty,resid_norm,17,14,C3_grievance,World Economic Forum,International Monetary Fund,institution,3.0,1,0.7286936442057291,World Economic Forum,,,,,,,
pc_loyalty,resid_norm,17,14,C4_stake,World Economic Forum,International Monetary Fund,institution,6.0,2,0.2326842943827311,World Economic Forum,,0.27144526054786666,0.5378180780410767,,,,
pc_loyalty,resid_norm,17,14,C5_decision,World Economic Forum,International Monetary Fund,institution,9.0,3,-0.16172027587890625,International Monetary Fund,,0.19377110227194244,0.3134703821581699,,,,
pc_loyalty,resid_norm,17,0,,Russia,France,state_actor,,10,0.44756391313340926,Russia,0.24375124975005,,,0.634873025394921,max_condition,C5_decision,4.0
pc_loyalty,resid_norm,17,13,,United Nations,World Health Organization,institution,,10,-0.43787066141764325,World Health Organization,0.249750049990002,,,0.634873025394921,max_condition,C5_decision,4.0
pc_loyalty,resid_norm,17,14,,World Economic Forum,International Monetary Fund,institution,,10,0.2613099416097005,World Economic Forum,0.249750049990002,,,0.634873025394921,max_condition,C1_extreme_views,4.0
pc_loyalty,resid_norm,17,2,,Iran,Saudi Arabia,state_actor,,10,0.3581746419270833,Iran,0.2513497300539892,,,0.634873025394921,max_condition,C5_decision,4.0
pc_loyalty,resid_norm,17,1,,China,India,state_actor,,10,0.3177493413289388,China,0.25374925014997,,,0.634873025394921,max_condition,C5_decision,4.0
pc_loyalty,resid_norm,17,10,,Amazon,Alibaba,corporation,,10,0.3550268809000651,Amazon,0.2539492101579684,,,0.634873025394921,max_condition,C1_extreme_views,4.0
pc_loyalty,resid_norm,17,6,,Sam Altman,Sundar Pichai,ai_leader,,10,0.4743030865987142,Sam Altman,0.4875024995001,,,0.7543491301739651,max_condition,C2_insider,4.0
pc_loyalty,resid_norm,17,11,,Tesla,Toyota,corporation,,10,0.2649054527282715,Tesla,0.4991001799640072,,,0.7543491301739651,max_condition,C2_insider,4.0
pc_loyalty,resid_norm,17,7,,Elon Musk,Mark Zuckerberg,ai_leader,,10,-0.6524813969930013,Mark Zuckerberg,0.5012997400519896,,,0.7543491301739651,max_condition,C2_insider,4.0
pc_loyalty,resid_norm,17,4,,Vladimir Putin,Narendra Modi,political_leader,,10,-0.296431753370497,Narendra Modi,0.5028994201159768,,,0.7543491301739651,max_condition,C1_extreme_views,4.0
pc_loyalty,resid_norm,17,5,,Xi Jinping,Lula da Silva,political_leader,,10,-0.5010348955790201,Lula da Silva,0.6234753049390122,,,0.7880923815236952,max_condition,C4_stake,4.0
pc_loyalty,resid_norm,17,12,,NATO,European Union,institution,,10,-0.35077158610026044,European Union,0.6304739052189562,,,0.7880923815236952,max_condition,C4_stake,4.0
pc_loyalty,resid_norm,17,8,,Dario Amodei,Jensen Huang,ai_leader,,10,0.3384097417195638,Dario Amodei,0.8094381123775245,,,0.907618476304739,max_condition,C2_insider,4.0
pc_loyalty,resid_norm,17,9,,Google,Microsoft,corporation,,10,0.19304068883260092,Google,0.8594281143771246,,,0.907618476304739,max_condition,C2_insider,4.0
pc_loyalty,resid_norm,17,3,,Donald Trump,Emmanuel Macron,political_leader,,10,-0.13129297892252603,Emmanuel Macron,0.907618476304739,,,0.907618476304739,max_condition,C4_stake,4.0
pc_pipeline,resid_norm,17,14,all,World Economic Forum,International Monetary Fund,institution,33.0,11,0.23199384862726385,World Economic Forum,0.008198360327934412,0.2407065224845883,0.2033572437747905,0.12297540491901618,,,
pc_pipeline,resid_norm,17,13,all,United Nations,World Health Organization,institution,33.0,11,-0.280394611936627,World Health Organization,0.025994801039792043,0.34601649272335355,0.292326770103815,0.19496100779844033,,,
pc_pipeline,resid_norm,17,11,all,Tesla,Toyota,corporation,33.0,11,0.173429807027181,Tesla,0.0639872025594881,0.26718938906519557,0.22573089073499125,0.3199360127974405,,,
pc_pipeline,resid_norm,17,5,all,Xi Jinping,Lula da Silva,political_leader,33.0,11,-0.22740008614280008,Lula da Silva,0.08598280343931214,0.3941110734891316,0.33295874502530426,0.3224355128974205,,,
pc_pipeline,resid_norm,17,3,all,Donald Trump,Emmanuel Macron,political_leader,33.0,11,-0.20121915412671637,Emmanuel Macron,0.11297740451909619,0.3891300363589551,0.32875059157986763,0.32607764161453423,,,
pc_pipeline,resid_norm,17,1,all,China,India,state_actor,33.0,11,0.18570272850267816,China,0.13177364527094582,0.37718123569530765,0.3186558291102328,0.32607764161453423,,,
pc_pipeline,resid_norm,17,2,all,Iran,Saudi Arabia,state_actor,33.0,11,0.12237554607969342,Iran,0.15216956608678264,0.26055574958938316,0.22012656133804592,0.32607764161453423,,,
pc_pipeline,resid_norm,17,6,all,Sam Altman,Sundar Pichai,ai_leader,33.0,11,0.18516346902558298,Sam Altman,0.19276144771045792,0.43953377730057025,0.37133342534782965,0.3385989468772912,,,
pc_pipeline,resid_norm,17,0,all,Russia,France,state_actor,33.0,11,0.16605856924346,Russia,0.20315936812637472,0.4097711151612977,0.3461888930037578,0.3385989468772912,,,
pc_pipeline,resid_norm,17,8,all,Dario Amodei,Jensen Huang,ai_leader,33.0,11,0.16246385285348602,Dario Amodei,0.23995200959808038,0.4302949859110116,0.3635281729874113,0.3599280143971206,,,
pc_pipeline,resid_norm,17,7,all,Elon Musk,Mark Zuckerberg,ai_leader,33.0,11,-0.17034935228752368,Mark Zuckerberg,0.3177364527094581,0.5587789733876757,0.4720759152452972,0.4332769809674428,,,
pc_pipeline,resid_norm,17,10,all,Amazon,Alibaba,corporation,33.0,11,-0.0870258446895715,Alibaba,0.39392121575684863,0.31301236009940925,0.2644437307316157,0.4924015196960608,,,
pc_pipeline,resid_norm,17,12,all,NATO,European Union,institution,33.0,11,0.10401980082194011,NATO,0.45990801839632073,0.41442328803976336,0.35011921048898165,0.5306630981496009,,,
pc_pipeline,resid_norm,17,4,all,Vladimir Putin,Narendra Modi,political_leader,33.0,11,-0.05254794612075343,Narendra Modi,0.6668666266746651,0.38980568696567,0.32932140471662047,0.7144999571514269,,,
pc_pipeline,resid_norm,17,9,all,Google,Microsoft,corporation,33.0,11,0.020998752478397255,Google,0.7994401119776045,0.26991226038995314,0.22803126715205144,0.7994401119776045,,,
pc_pipeline,resid_norm,17,0,C1_extreme_views,Russia,France,state_actor,9.0,3,0.07899464501274957,Russia,,0.4613569740795478,0.7463535340429015,,,,
pc_pipeline,resid_norm,17,0,C2_insider,Russia,France,state_actor,6.0,2,0.0918424924214681,Russia,,0.5864982355718128,1.1620366964340207,,,,
pc_pipeline,resid_norm,17,0,C3_grievance,Russia,France,state_actor,3.0,1,-0.2680034637451172,France,,,,,,,
pc_pipeline,resid_norm,17,0,C4_stake,Russia,France,state_actor,6.0,2,-0.03863938649495443,France,,0.007125627188241816,0.014118099212646479,,,,
pc_pipeline,resid_norm,17,0,C5_decision,Russia,France,state_actor,9.0,3,0.5837525261773003,Russia,,0.2000233558845612,0.32358487449638673,,,,
pc_pipeline,resid_norm,17,1,C1_extreme_views,China,India,state_actor,9.0,3,0.07605234781901042,China,,0.4196193181614836,0.6788330482861549,,,,
pc_pipeline,resid_norm,17,1,C2_insider,China,India,state_actor,6.0,2,0.30325953165690106,China,,0.027487837424017,0.05446201515197753,,,,
pc_pipeline,resid_norm,17,1,C3_grievance,China,India,state_actor,3.0,1,-0.4599933624267578,India,,,,,,,
pc_pipeline,resid_norm,17,1,C4_stake,China,India,state_actor,6.0,2,0.10541582107543945,China,,0.24592562475351032,0.4872556867599486,,,,
pc_pipeline,resid_norm,17,1,C5_decision,China,India,state_actor,9.0,3,0.48573854234483504,China,,0.3504799563737059,0.5669838514365125,,,,
pc_pipeline,resid_norm,17,2,C1_extreme_views,Iran,Saudi Arabia,state_actor,9.0,3,-0.02963733673095703,Saudi Arabia,,0.36779448418152993,0.5949941769451618,,,,
pc_pipeline,resid_norm,17,2,C2_insider,Iran,Saudi Arabia,state_actor,6.0,2,0.006453037261962891,Iran,,0.05953045666870731,0.11794847965240478,,,,
pc_pipeline,resid_norm,17,2,C3_grievance,Iran,Saudi Arabia,state_actor,3.0,1,0.5132554372151693,Iran,,,,,,,
pc_pipeline,resid_norm,17,2,C4_stake,Iran,Saudi Arabia,state_actor,6.0,2,0.13691139221191406,Iran,,0.21485901412873631,0.4257030010223388,,,,
pc_pipeline,resid_norm,17,2,C5_decision,Iran,Saudi Arabia,state_actor,9.0,3,0.21168624030219185,Iran,,0.2065193369384806,0.334093653357574,,,,
pc_pipeline,resid_norm,17,3,C1_extreme_views,Donald Trump,Emmanuel Macron,political_leader,9.0,3,0.02003924051920573,Donald Trump,,0.3156757470942465,0.5106798481273215,,,,
pc_pipeline,resid_norm,17,3,C2_insider,Donald Trump,Emmanuel Macron,political_leader,6.0,2,-0.16943931579589844,Emmanuel Macron,,0.5400874746907687,1.0700824432373046,,,,
pc_pipeline,resid_norm,17,3,C3_grievance,Donald Trump,Emmanuel Macron,political_leader,3.0,1,-0.5794912974039713,Emmanuel Macron,,,,,,,
pc_pipeline,resid_norm,17,3,C4_stake,Donald Trump,Emmanuel Macron,political_leader,6.0,2,-0.2539486885070801,Emmanuel Macron,,0.1406614541782379,0.27869439601898194,,,,
pc_pipeline,resid_norm,17,3,C5_decision,Donald Trump,Emmanuel Macron,political_leader,9.0,3,-0.28242037031385636,Emmanuel Macron,,0.5857141324895406,0.9475305181949344,,,,
pc_pipeline,resid_norm,17,4,C1_extreme_views,Vladimir Putin,Narendra Modi,political_leader,9.0,3,-0.2197262446085612,Narendra Modi,,0.4888047047938972,0.7907567011587419,,,,
pc_pipeline,resid_norm,17,4,C2_insider,Vladimir Putin,Narendra Modi,political_leader,6.0,2,-0.13846063613891602,Narendra Modi,,0.3791164095436973,0.7511483469009401,,,,
pc_pipeline,resid_norm,17,4,C3_grievance,Vladimir Putin,Narendra Modi,political_leader,3.0,1,-0.15285269419352213,Narendra Modi,,,,,,,
pc_pipeline,resid_norm,17,4,C4_stake,Vladimir Putin,Narendra Modi,political_leader,6.0,2,-0.09613577524820964,Narendra Modi,,0.6690874016482244,1.3256717014312744,,,,
pc_pipeline,resid_norm,17,4,C5_decision,Vladimir Putin,Narendra Modi,political_leader,9.0,3,0.2343989478217231,Vladimir Putin,,0.21299451042329695,0.34456877107650613,,,,
pc_pipeline,resid_norm,17,5,C1_extreme_views,Xi Jinping,Lula da Silva,political_leader,9.0,3,0.08776707119411892,Xi Jinping,,0.16403544942426654,0.2653659622906398,,,,
pc_pipeline,resid_norm,17,5,C2_insider,Xi Jinping,Lula da Silva,political_leader,6.0,2,-0.3625502586364746,Lula da Silva,,0.6244447853559092,1.2372206964492796,,,,
pc_pipeline,resid_norm,17,5,C3_grievance,Xi Jinping,Lula da Silva,political_leader,3.0,1,-0.39574209849039715,Lula da Silva,,,,,,,
pc_pipeline,resid_norm,17,5,C4_stake,Xi Jinping,Lula da Silva,political_leader,6.0,2,-0.3887149492899577,Lula da Silva,,0.03614985772997594,0.07162419033050536,,,,
pc_pipeline,resid_norm,17,5,C5_decision,Xi Jinping,Lula da Silva,political_leader,9.0,3,-0.2888098822699653,Lula da Silva,,0.5839359472885003,0.9446538849509545,,,,
pc_pipeline,resid_norm,17,6,C1_extreme_views,Sam Altman,Sundar Pichai,ai_leader,9.0,3,0.09253660837809245,Sam Altman,,0.5088758452022275,0.8232264966049155,,,,
pc_pipeline,resid_norm,17,6,C2_insider,Sam Altman,Sundar Pichai,ai_leader,6.0,2,0.5588617324829102,Sam Altman,,0.10279245459540158,0.20366404724121093,,,,
pc_pipeline,resid_norm,17,6,C3_grievance,Sam Altman,Sundar Pichai,ai_leader,3.0,1,-0.5920340220133463,Sundar Pichai,,,,,,,
pc_pipeline,resid_norm,17,6,C4_stake,Sam Altman,Sundar Pichai,ai_leader,6.0,2,0.15890216827392578,Sam Altman,,0.4933919135053869,0.9775639114379882,,,,
pc_pipeline,resid_norm,17,6,C5_decision,Sam Altman,Sundar Pichai,ai_leader,9.0,3,0.3052315182156033,Sam Altman,,0.3211573148813104,0.5195475746814354,,,,
pc_pipeline,resid_norm,17,7,C1_extreme_views,Elon Musk,Mark Zuckerberg,ai_leader,9.0,3,-0.22561973995632595,Mark Zuckerberg,,0.4193538318404512,0.6784035616519972,,,,
pc_pipeline,resid_norm,17,7,C2_insider,Elon Musk,Mark Zuckerberg,ai_leader,6.0,2,-0.8427575429280599,Mark Zuckerberg,,0.10492879405272178,0.2078968048095703,,,,
pc_pipeline,resid_norm,17,7,C3_grievance,Elon Musk,Mark Zuckerberg,ai_leader,3.0,1,-0.7048578262329102,Mark Zuckerberg,,,,,,,
pc_pipeline,resid_norm,17,7,C4_stake,Elon Musk,Mark Zuckerberg,ai_leader,6.0,2,-0.12368059158325195,Mark Zuckerberg,,0.04601424333025367,0.09116862773895264,,,,
pc_pipeline,resid_norm,17,7,C5_decision,Elon Musk,Mark Zuckerberg,ai_leader,9.0,3,0.4802501466539171,Elon Musk,,0.37694323170288063,0.6097944301726095,,,,
pc_pipeline,resid_norm,17,8,C1_extreme_views,Dario Amodei,Jensen Huang,ai_leader,9.0,3,0.10269090864393446,Dario Amodei,,0.2887451371294153,0.46711324558211503,,,,
pc_pipeline,resid_norm,17,8,C2_insider,Dario Amodei,Jensen Huang,ai_leader,6.0,2,0.1533625920613607,Dario Amodei,,0.2655422291412288,0.5261223239898681,,,,
pc_pipeline,resid_norm,17,8,C3_grievance,Dario Amodei,Jensen Huang,ai_leader,3.0,1,0.6884981791178385,Dario Amodei,,,,,,,
pc_pipeline,resid_norm,17,8,C4_stake,Dario Amodei,Jensen Huang,ai_leader,6.0,2,0.10419464111328125,Dario Amodei,,0.6366161208562793,1.2613359241485596,,,,
pc_pipeline,resid_norm,17,8,C5_decision,Dario Amodei,Jensen Huang,ai_leader,9.0,3,0.09180566999647352,Dario Amodei,,0.6706835872481017,1.0849886176877928,,,,
pc_pipeline,resid_norm,17,9,C1_extreme_views,Google,Microsoft,corporation,9.0,3,-0.178556760152181,Microsoft,,0.31615622920560627,0.5114571410740103,,,,
pc_pipeline,resid_norm,17,9,C2_insider,Google,Microsoft,corporation,6.0,2,0.2279971440633138,Google,,0.015264577006281557,0.030243907928466797,,,,
pc_pipeline,resid_norm,17,9,C3_grievance,Google,Microsoft,corporation,3.0,1,0.39228375752766925,Google,,,,,,,
pc_pipeline,resid_norm,17,9,C4_stake,Google,Microsoft,corporation,6.0,2,0.09943739573160808,Google,,0.27283689328989835,0.5405753383636475,,,,
pc_pipeline,resid_norm,17,9,C5_decision,Google,Microsoft,corporation,9.0,3,-0.09349875979953343,Microsoft,,0.17218169090507837,0.27854442595318857,,,,
pc_pipeline,resid_norm,17,10,C1_extreme_views,Amazon,Alibaba,corporation,9.0,3,0.24514791700575086,Amazon,,0.27534259142135975,0.4454314722127284,,,,
pc_pipeline,resid_norm,17,10,C2_insider,Amazon,Alibaba,corporation,6.0,2,-0.26534080505371094,Alibaba,,0.214037656344956,0.4240756340026855,,,,
pc_pipeline,resid_norm,17,10,C3_grievance,Amazon,Alibaba,corporation,3.0,1,-0.18241119384765625,Alibaba,,,,,,,
pc_pipeline,resid_norm,17,10,C4_stake,Amazon,Alibaba,corporation,6.0,2,-0.010245005289713541,Alibaba,,0.0791061505154712,0.15673406028747558,,,,
pc_pipeline,resid_norm,17,10,C5_decision,Amazon,Alibaba,corporation,9.0,3,-0.31971507602267796,Alibaba,,0.3147522203598207,0.5091858261860753,,,,
pc_pipeline,resid_norm,17,11,C1_extreme_views,Tesla,Toyota,corporation,9.0,3,0.32733239067925346,Tesla,,0.1931400640359861,0.3124495292308637,,,,
pc_pipeline,resid_norm,17,11,C2_insider,Tesla,Toyota,corporation,6.0,2,0.37061436971028644,Tesla,,0.4021753437345935,0.7968353176116945,,,,
pc_pipeline,resid_norm,17,11,C3_grievance,Tesla,Toyota,corporation,3.0,1,0.10244592030843098,Tesla,,,,,,,
pc_pipeline,resid_norm,17,11,C4_stake,Tesla,Toyota,corporation,6.0,2,0.015581766764322916,Tesla,,0.11834115755644457,0.2344708976745605,,,,
pc_pipeline,resid_norm,17,11,C5_decision,Tesla,Toyota,corporation,9.0,3,0.016964170667860243,Tesla,,0.3052942562234842,0.49388534227751596,,,,
pc_pipeline,resid_norm,17,12,C1_extreme_views,NATO,European Union,institution,9.0,3,0.14001199934217665,NATO,,0.3417932259895396,0.5529310197123681,,,,
pc_pipeline,resid_norm,17,12,C2_insider,NATO,European Union,institution,6.0,2,-0.0697469711303711,European Union,,0.2929684759706219,0.580462308883667,,,,
pc_pipeline,resid_norm,17,12,C3_grievance,NATO,European Union,institution,3.0,1,0.5232206980387369,NATO,,,,,,,
pc_pipeline,resid_norm,17,12,C4_stake,NATO,European Union,institution,6.0,2,-0.04933881759643555,European Union,,0.1298183625597392,0.25721083545684814,,,,
pc_pipeline,resid_norm,17,12,C5_decision,NATO,European Union,institution,9.0,3,0.1463775634765625,NATO,,0.7378049544576433,1.193573233161699,,,,
pc_pipeline,resid_norm,17,13,C1_extreme_views,United Nations,World Health Organization,institution,9.0,3,-0.12364037831624348,World Health Organization,,0.4376532679204259,0.7080072081917077,,,,
pc_pipeline,resid_norm,17,13,C2_insider,United Nations,World Health Organization,institution,6.0,2,-0.3221828142801921,World Health Organization,,0.354362834867875,0.702103762626648,,,,
pc_pipeline,resid_norm,17,13,C3_grievance,United Nations,World Health Organization,institution,3.0,1,-0.5421619415283203,World Health Organization,,,,,,,
pc_pipeline,resid_norm,17,13,C4_stake,United Nations,World Health Organization,institution,6.0,2,-0.0034888585408528647,World Health Organization,,0.34127663177582845,0.6761758956909178,,,,
pc_pipeline,resid_norm,17,13,C5_decision,United Nations,World Health Organization,institution,9.0,3,-0.5066381030612521,World Health Organization,,0.24444667333524875,0.3954500501326255,,,,
pc_pipeline,resid_norm,17,14,C1_extreme_views,World Economic Forum,International Monetary Fund,institution,9.0,3,0.19654930962456596,World Economic Forum,,0.16047371732826518,0.2596040220003294,,,,
pc_pipeline,resid_norm,17,14,C2_insider,World Economic Forum,International Monetary Fund,institution,6.0,2,0.3118124008178711,World Economic Forum,,0.10524888531821251,0.20853100585937498,,,,
pc_pipeline,resid_norm,17,14,C3_grievance,World Economic Forum,International Monetary Fund,institution,3.0,1,0.7453749974568685,World Economic Forum,,,,,,,
pc_pipeline,resid_norm,17,14,C4_stake,World Economic Forum,International Monetary Fund,institution,6.0,2,0.23776674270629883,World Economic Forum,,0.0035230269691266117,0.006980219841003391,,,,
pc_pipeline,resid_norm,17,14,C5_decision,World Economic Forum,International Monetary Fund,institution,9.0,3,0.03925037384033203,World Economic Forum,,0.2502148934343316,0.40478150429494086,,,,
pc_pipeline,resid_norm,17,0,,Russia,France,state_actor,,10,0.5837525261773003,Russia,0.24375124975005,,,0.9399370125974805,max_condition,C5_decision,4.0
pc_pipeline,resid_norm,17,13,,United Nations,World Health Organization,institution,,10,-0.5066381030612521,World Health Organization,0.249750049990002,,,0.9399370125974805,max_condition,C5_decision,4.0
pc_pipeline,resid_norm,17,1,,China,India,state_actor,,10,0.48573854234483504,China,0.25374925014997,,,0.9399370125974805,max_condition,C5_decision,4.0
pc_pipeline,resid_norm,17,6,,Sam Altman,Sundar Pichai,ai_leader,,10,0.5588617324829102,Sam Altman,0.4875024995001,,,0.9399370125974805,max_condition,C2_insider,4.0
pc_pipeline,resid_norm,17,14,,World Economic Forum,International Monetary Fund,institution,,10,0.3118124008178711,World Economic Forum,0.4971005798840232,,,0.9399370125974805,max_condition,C2_insider,4.0
pc_pipeline,resid_norm,17,10,,Amazon,Alibaba,corporation,,10,-0.31971507602267796,Alibaba,0.49870025994801037,,,0.9399370125974805,max_condition,C5_decision,4.0
pc_pipeline,resid_norm,17,11,,Tesla,Toyota,corporation,,10,0.37061436971028644,Tesla,0.4991001799640072,,,0.9399370125974805,max_condition,C2_insider,4.0
pc_pipeline,resid_norm,17,7,,Elon Musk,Mark Zuckerberg,ai_leader,,10,-0.8427575429280599,Mark Zuckerberg,0.5012997400519896,,,0.9399370125974805,max_condition,C2_insider,4.0
pc_pipeline,resid_norm,17,9,,Google,Microsoft,corporation,,10,0.2279971440633138,Google,0.6166766646670666,,,0.9403119376124776,max_condition,C2_insider,4.0
pc_pipeline,resid_norm,17,2,,Iran,Saudi Arabia,state_actor,,10,0.21168624030219185,Iran,0.626874625074985,,,0.9403119376124776,max_condition,C5_decision,4.0
pc_pipeline,resid_norm,17,3,,Donald Trump,Emmanuel Macron,political_leader,,10,-0.28242037031385636,Emmanuel Macron,0.7520495900819836,,,0.9415616876624675,max_condition,C5_decision,4.0
pc_pipeline,resid_norm,17,5,,Xi Jinping,Lula da Silva,political_leader,,10,-0.3887149492899577,Lula da Silva,0.753249350129974,,,0.9415616876624675,max_condition,C4_stake,4.0
pc_pipeline,resid_norm,17,4,,Vladimir Putin,Narendra Modi,political_leader,,10,0.2343989478217231,Vladimir Putin,0.9514097180563887,,,1.0,max_condition,C5_decision,4.0
pc_pipeline,resid_norm,17,8,,Dario Amodei,Jensen Huang,ai_leader,,10,0.1533625920613607,Dario Amodei,1.0,,,1.0,max_condition,C2_insider,4.0
pc_pipeline,resid_norm,17,12,,NATO,European Union,institution,,10,0.1463775634765625,NATO,1.0,,,1.0,max_condition,C5_decision,4.0
control_self,resid_norm,17,0,all,Russia,France,state_actor,33.0,11,0.40374174985018646,Russia,0.00639872025594881,0.34567063810805065,0.29203458009338734,0.09598080383923215,,,
control_self,resid_norm,17,6,all,Sam Altman,Sundar Pichai,ai_leader,33.0,11,0.516633871829871,Sam Altman,0.016196760647870425,0.552929086232012,0.4671337270732027,0.12147570485902819,,,
control_self,resid_norm,17,1,all,China,India,state_actor,33.0,11,0.3660573381366152,China,0.03099380123975205,0.4704389968368177,0.3974432299275891,0.14922015596880622,,,
control_self,resid_norm,17,3,all,Donald Trump,Emmanuel Macron,political_leader,33.0,11,-0.26841938134395715,Emmanuel Macron,0.03979204159168166,0.3814986417895205,0.3223033239704181,0.14922015596880622,,,
control_self,resid_norm,17,14,all,World Economic Forum,International Monetary Fund,institution,33.0,11,0.18409414002389618,World Economic Forum,0.0657868426314737,0.29164521663449094,0.24639202462280216,0.1839632073585283,,,
control_self,resid_norm,17,5,all,Xi Jinping,Lula da Silva,political_leader,33.0,11,-0.3294294241702918,Lula da Silva,0.07358528294341132,0.5413736679579092,0.45737130773104784,0.1839632073585283,,,
control_self,resid_norm,17,13,all,United Nations,World Health Organization,institution,33.0,11,-0.2764901825875947,World Health Organization,0.15476904619076184,0.5990374275571612,0.5060876578189305,0.3040641871625675,,,
control_self,resid_norm,17,12,all,NATO,European Union,institution,33.0,11,0.2157894770304362,NATO,0.16216756648670266,0.48110326918916774,0.40645277819430237,0.3040641871625675,,,
control_self,resid_norm,17,7,all,Elon Musk,Mark Zuckerberg,ai_leader,33.0,11,-0.15725944981430517,Mark Zuckerberg,0.2571485702859428,0.43664306045574675,0.3688912471964905,0.39832033593281346,,,
control_self,resid_norm,17,2,all,Iran,Saudi Arabia,state_actor,33.0,11,0.11658044294877486,Iran,0.26554689062187564,0.32345852126633495,0.27326901108133816,0.39832033593281346,,,
control_self,resid_norm,17,4,all,Vladimir Putin,Narendra Modi,political_leader,33.0,11,0.1035283984559955,Vladimir Putin,0.4241151769646071,0.40196151825827375,0.3395910738636771,0.5783388776790097,,,
control_self,resid_norm,17,8,all,Dario Amodei,Jensen Huang,ai_leader,33.0,11,0.1251478773174864,Dario Amodei,0.47270545890821836,0.560523311921797,0.4735495931201117,0.590881823635273,,,
control_self,resid_norm,17,9,all,Google,Microsoft,corporation,33.0,11,0.05926507892030658,Google,0.591881623675265,0.3605982405775865,0.30464593795372497,0.6356585825692004,,,
control_self,resid_norm,17,11,all,Tesla,Toyota,corporation,33.0,11,0.061498035084117546,Tesla,0.5932813437312537,0.37333953460111396,0.3154102263826547,0.6356585825692004,,,
control_self,resid_norm,17,10,all,Amazon,Alibaba,corporation,33.0,11,0.011480100227124763,Amazon,0.9006198760247951,0.3887712289460471,0.3284474585954276,0.9006198760247951,,,
control_self,resid_norm,17,0,C1_extreme_views,Russia,France,state_actor,9.0,3,0.4689653184678819,Russia,,0.23701055070624544,0.38342037091339237,,,,
control_self,resid_norm,17,0,C2_insider,Russia,France,state_actor,6.0,2,0.5815251668294271,Russia,,0.3598095563946348,0.71289542388916,,,,
control_self,resid_norm,17,0,C3_grievance,Russia,France,state_actor,3.0,1,-0.45374298095703125,France,,,,,,,
control_self,resid_norm,17,0,C4_stake,Russia,France,state_actor,6.0,2,0.35067542394002277,Russia,,0.20553658080451068,0.4072323408126831,,,,
control_self,resid_norm,17,0,C5_decision,Russia,France,state_actor,9.0,3,0.5412016974555122,Russia,,0.13647641156144727,0.22078272965440612,,,,
control_self,resid_norm,17,1,C1_extreme_views,China,India,state_actor,9.0,3,0.29500240749782985,China,,0.3794580548690178,0.6138627487696875,,,,
control_self,resid_norm,17,1,C2_insider,China,India,state_actor,6.0,2,0.7079054514567057,China,,0.01711589137607211,0.03391194152832036,,,,
control_self,resid_norm,17,1,C3_grievance,China,India,state_actor,3.0,1,-0.49336814880371094,India,,,,,,,
control_self,resid_norm,17,1,C4_stake,China,India,state_actor,6.0,2,0.5982327461242676,China,,0.2002658645171323,0.39678940105438226,,,,
control_self,resid_norm,17,1,C5_decision,China,India,state_actor,9.0,3,0.3409050835503472,China,,0.6275207989625947,1.015162644773207,,,,
control_self,resid_norm,17,2,C1_extreme_views,Iran,Saudi Arabia,state_actor,9.0,3,-0.11158943176269531,Saudi Arabia,,0.19614612604385329,0.3173125423187226,,,,
control_self,resid_norm,17,2,C2_insider,Iran,Saudi Arabia,state_actor,6.0,2,0.06364281972249348,Iran,,0.512395534128363,1.0152160358428957,,,,
control_self,resid_norm,17,2,C3_grievance,Iran,Saudi Arabia,state_actor,3.0,1,0.5081157684326172,Iran,,,,,,,
control_self,resid_norm,17,2,C4_stake,Iran,Saudi Arabia,state_actor,6.0,2,0.34461307525634766,Iran,,0.2664854194151046,0.5279910793304443,,,,
control_self,resid_norm,17,2,C5_decision,Iran,Saudi Arabia,state_actor,9.0,3,0.09750853644476996,Iran,,0.32830301269267376,0.5311074233763726,,,,
control_self,resid_norm,17,3,C1_extreme_views,Donald Trump,Emmanuel Macron,political_leader,9.0,3,-0.09876781039767796,Emmanuel Macron,,0.3808046534659437,0.6160411890626037,,,,
control_self,resid_norm,17,3,C2_insider,Donald Trump,Emmanuel Macron,political_leader,6.0,2,-0.008420944213867188,Emmanuel Macron,,0.17855967557604174,0.35378264236450196,,,,
control_self,resid_norm,17,3,C3_grievance,Donald Trump,Emmanuel Macron,political_leader,3.0,1,-0.35404713948567706,Emmanuel Macron,,,,,,,
control_self,resid_norm,17,3,C4_stake,Donald Trump,Emmanuel Macron,political_leader,6.0,2,-0.42806275685628253,Emmanuel Macron,,0.15664376391676094,0.3103603572845458,,,,
control_self,resid_norm,17,3,C5_decision,Donald Trump,Emmanuel Macron,political_leader,9.0,3,-0.4764317406548394,Emmanuel Macron,,0.5913171942484288,0.9565947898547484,,,,
control_self,resid_norm,17,4,C1_extreme_views,Vladimir Putin,Narendra Modi,political_leader,9.0,3,-0.0352066887749566,Narendra Modi,,0.6931802224592044,1.1213822220705574,,,,
control_self,resid_norm,17,4,C2_insider,Vladimir Putin,Narendra Modi,political_leader,6.0,2,0.11637560526529948,Vladimir Putin,,0.22708317367924,0.44992288970947264,,,,
control_self,resid_norm,17,4,C3_grievance,Vladimir Putin,Narendra Modi,political_leader,3.0,1,0.1551227569580078,Vladimir Putin,,,,,,,
control_self,resid_norm,17,4,C4_stake,Vladimir Putin,Narendra Modi,political_leader,6.0,2,-0.16731484731038412,Narendra Modi,,0.3271678899431097,0.6482220592498779,,,,
control_self,resid_norm,17,4,C5_decision,Vladimir Putin,Narendra Modi,political_leader,9.0,3,0.3970627254909939,Vladimir Putin,,0.12286924035278224,0.19876992635783586,,,,
control_self,resid_norm,17,5,C1_extreme_views,Xi Jinping,Lula da Silva,political_leader,9.0,3,-0.24465179443359375,Lula da Silva,,0.20862579637205328,0.33750134746624466,,,,
control_self,resid_norm,17,5,C2_insider,Xi Jinping,Lula da Silva,political_leader,6.0,2,-0.041362921396891274,Lula da Silva,,1.0659032397345765,2.1118881597518917,,,,
control_self,resid_norm,17,5,C3_grievance,Xi Jinping,Lula da Silva,political_leader,3.0,1,-0.04798062642415365,Lula da Silva,,,,,,,
control_self,resid_norm,17,5,C4_stake,Xi Jinping,Lula da Silva,political_leader,6.0,2,-0.49170653025309247,Lula da Silva,,0.20753467859871516,0.41119119834899903,,,,
control_self,resid_norm,17,5,C5_decision,Xi Jinping,Lula da Silva,political_leader,9.0,3,-0.5918829176161025,Lula da Silva,,0.7544970729477062,1.2205766650499386,,,,
control_self,resid_norm,17,6,C1_extreme_views,Sam Altman,Sundar Pichai,ai_leader,9.0,3,0.6450274785359701,Sam Altman,,0.8279056140121014,1.3393322645759966,,,,
control_self,resid_norm,17,6,C2_insider,Sam Altman,Sundar Pichai,ai_leader,6.0,2,0.6472746531168619,Sam Altman,,0.49655955824786974,0.9838400077819824,,,,
control_self,resid_norm,17,6,C3_grievance,Sam Altman,Sundar Pichai,ai_leader,3.0,1,-0.45476531982421875,Sundar Pichai,,,,,,,
control_self,resid_norm,17,6,C4_stake,Sam Altman,Sundar Pichai,ai_leader,6.0,2,0.3818357785542806,Sam Altman,,0.22465933651927747,0.44512050914764395,,,,
control_self,resid_norm,17,6,C5_decision,Sam Altman,Sundar Pichai,ai_leader,9.0,3,0.7148115370008681,Sam Altman,,0.3225195619264381,0.5217513300238121,,,,
control_self,resid_norm,17,7,C1_extreme_views,Elon Musk,Mark Zuckerberg,ai_leader,9.0,3,-0.2208622826470269,Mark Zuckerberg,,0.25149124284186813,0.4068462999835483,,,,
control_self,resid_norm,17,7,C2_insider,Elon Musk,Mark Zuckerberg,ai_leader,6.0,2,-0.726111094156901,Mark Zuckerberg,,0.29971152216598085,0.593822395324707,,,,
control_self,resid_norm,17,7,C3_grievance,Elon Musk,Mark Zuckerberg,ai_leader,3.0,1,-0.4262949625651042,Mark Zuckerberg,,,,,,,
control_self,resid_norm,17,7,C4_stake,Elon Musk,Mark Zuckerberg,ai_leader,6.0,2,-0.10697237650553386,Mark Zuckerberg,,0.2138785098449789,0.4237603149414062,,,,
control_self,resid_norm,17,7,C5_decision,Elon Musk,Mark Zuckerberg,ai_leader,9.0,3,0.34173160129123265,Elon Musk,,0.28352308289266975,0.45866534329921443,,,,
control_self,resid_norm,17,8,C1_extreme_views,Dario Amodei,Jensen Huang,ai_leader,9.0,3,-0.16622013515896267,Jensen Huang,,0.7777511624225569,1.2581956300501558,,,,
control_self,resid_norm,17,8,C2_insider,Dario Amodei,Jensen Huang,ai_leader,6.0,2,0.17395989100138345,Dario Amodei,,0.4475093931256793,0.8866562681198119,,,,
control_self,resid_norm,17,8,C3_grievance,Dario Amodei,Jensen Huang,ai_leader,3.0,1,0.008755366007486979,Dario Amodei,,,,,,,
control_self,resid_norm,17,8,C4_stake,Dario Amodei,Jensen Huang,ai_leader,6.0,2,0.5917631785074869,Dario Amodei,,0.5548979896490929,1.0994267120361327,,,,
control_self,resid_norm,17,8,C5_decision,Dario Amodei,Jensen Huang,ai_leader,9.0,3,0.11169518364800347,Dario Amodei,,0.5978681515534214,0.9671925057464398,,,,
control_self,resid_norm,17,9,C1_extreme_views,Google,Microsoft,corporation,9.0,3,-0.09974988301595052,Microsoft,,0.43923062614990627,0.7105589565236216,,,,
control_self,resid_norm,17,9,C2_insider,Google,Microsoft,corporation,6.0,2,0.5286677678426107,Google,,0.22648165385729255,0.44873109054565435,,,,
control_self,resid_norm,17,9,C3_grievance,Google,Microsoft,corporation,3.0,1,0.11392911275227864,Google,,,,,,,
control_self,resid_norm,17,9,C4_stake,Google,Microsoft,corporation,6.0,2,0.17667770385742188,Google,,0.04631702628995593,0.09176853561401367,,,,
control_self,resid_norm,17,9,C5_decision,Google,Microsoft,corporation,9.0,3,-0.19115151299370658,Microsoft,,0.250803271038166,0.4057333436051618,,,,
control_self,resid_norm,17,10,C1_extreme_views,Amazon,Alibaba,corporation,9.0,3,0.19751485188802084,Amazon,,0.46561647289631164,0.7532442762961985,,,,
control_self,resid_norm,17,10,C2_insider,Amazon,Alibaba,corporation,6.0,2,-0.006405194600423177,Alibaba,,0.03049094086991324,0.0604121036529541,,,,
control_self,resid_norm,17,10,C3_grievance,Amazon,Alibaba,corporation,3.0,1,0.026578267415364582,Amazon,,,,,,,
control_self,resid_norm,17,10,C4_stake,Amazon,Alibaba,corporation,6.0,2,-0.08952681223551433,Alibaba,,0.1506132804402262,0.2984120807647705,,,,
control_self,resid_norm,17,10,C5_decision,Amazon,Alibaba,corporation,9.0,3,-0.10032590230305989,Alibaba,,0.6676893660866224,1.080144759956944,,,,
control_self,resid_norm,17,11,C1_extreme_views,Tesla,Toyota,corporation,9.0,3,0.09300592210557726,Tesla,,0.26921348815009816,0.43551620454793033,,,,
control_self,resid_norm,17,11,C2_insider,Tesla,Toyota,corporation,6.0,2,0.457605520884196,Tesla,,0.3423477236859853,0.6782980642318724,,,,
control_self,resid_norm,17,11,C3_grievance,Tesla,Toyota,corporation,3.0,1,-0.3102703094482422,Toyota,,,,,,,
control_self,resid_norm,17,11,C4_stake,Tesla,Toyota,corporation,6.0,2,0.18853123982747397,Tesla,,0.12603054099036812,0.24970597457885743,,,,
control_self,resid_norm,17,11,C5_decision,Tesla,Toyota,corporation,9.0,3,-0.19484753078884548,Toyota,,0.46442457638239404,0.7513161030478142,,,,
control_self,resid_norm,17,12,C1_extreme_views,NATO,European Union,institution,9.0,3,0.14889568752712673,NATO,,0.5467569215474186,0.8845080568544146,,,,
control_self,resid_norm,17,12,C2_insider,NATO,European Union,institution,6.0,2,0.5706612269083658,NATO,,0.12155465807010721,0.24083784866333008,,,,
control_self,resid_norm,17,12,C3_grievance,NATO,European Union,institution,3.0,1,0.8704268137613932,NATO,,,,,,,
control_self,resid_norm,17,12,C4_stake,NATO,European Union,institution,6.0,2,0.0685289700826009,NATO,,0.1706547250609345,0.33812045955657954,,,,
control_self,resid_norm,17,12,C5_decision,NATO,European Union,institution,9.0,3,-0.07393667432996961,European Union,,0.5847141968064703,0.9459128867884425,,,,
control_self,resid_norm,17,13,C1_extreme_views,United Nations,World Health Organization,institution,9.0,3,0.13133260938856336,United Nations,,0.837787248247372,1.3553181346245156,,,,
control_self,resid_norm,17,13,C2_insider,United Nations,World Health Organization,institution,6.0,2,-0.5167236328125,World Health Organization,,0.052162288416234805,0.1033498306274414,,,,
control_self,resid_norm,17,13,C3_grievance,United Nations,World Health Organization,institution,3.0,1,-0.309597651163737,World Health Organization,,,,,,,
control_self,resid_norm,17,13,C4_stake,United Nations,World Health Organization,institution,6.0,2,-0.071258544921875,World Health Organization,,1.0216009451950374,2.0241114387512207,,,,
control_self,resid_norm,17,13,C5_decision,United Nations,World Health Organization,institution,9.0,3,-0.649942609998915,World Health Organization,,0.10043715065585183,0.16248073954176176,,,,
control_self,resid_norm,17,14,C1_extreme_views,World Economic Forum,International Monetary Fund,institution,9.0,3,0.23207812839084202,World Economic Forum,,0.16571051608684612,0.2680757770189594,,,,
control_self,resid_norm,17,14,C2_insider,World Economic Forum,International Monetary Fund,institution,6.0,2,0.535210132598877,World Economic Forum,,0.10863704237210428,0.21524400615692135,,,,
control_self,resid_norm,17,14,C3_grievance,World Economic Forum,International Monetary Fund,institution,3.0,1,-0.24356587727864584,International Monetary Fund,,,,,,,
control_self,resid_norm,17,14,C4_stake,World Economic Forum,International Monetary Fund,institution,6.0,2,-0.11471144358317058,International Monetary Fund,,0.21752943845038655,0.430993947982788,,,,
control_self,resid_norm,17,14,C5_decision,World Economic Forum,International Monetary Fund,institution,9.0,3,0.24378988477918836,World Economic Forum,,0.23548105050017545,0.3809460442027207,,,,
control_self,resid_norm,17,4,,Vladimir Putin,Narendra Modi,political_leader,,10,0.3970627254909939,Vladimir Putin,0.4297140571885623,,,0.6950428096198942,max_condition,C5_decision,4.0
control_self,resid_norm,17,6,,Sam Altman,Sundar Pichai,ai_leader,,10,0.7148115370008681,Sam Altman,0.4353129374125175,,,0.6950428096198942,max_condition,C5_decision,4.0
control_self,resid_norm,17,9,,Google,Microsoft,corporation,,10,0.5286677678426107,Google,0.4881023795240952,,,0.6950428096198942,max_condition,C2_insider,4.0
control_self,resid_norm,17,3,,Donald Trump,Emmanuel Macron,political_leader,,10,-0.4764317406548394,Emmanuel Macron,0.4901019796040792,,,0.6950428096198942,max_condition,C5_decision,4.0
control_self,resid_norm,17,0,,Russia,France,state_actor,,10,0.5815251668294271,Russia,0.4913017396520696,,,0.6950428096198942,max_condition,C2_insider,4.0
control_self,resid_norm,17,14,,World Economic Forum,International Monetary Fund,institution,,10,0.535210132598877,World Economic Forum,0.4971005798840232,,,0.6950428096198942,max_condition,C2_insider,4.0
control_self,resid_norm,17,11,,Tesla,Toyota,corporation,,10,0.457605520884196,Tesla,0.4991001799640072,,,0.6950428096198942,max_condition,C2_insider,4.0
control_self,resid_norm,17,12,,NATO,European Union,institution,,10,0.5706612269083658,NATO,0.4999000199960008,,,0.6950428096198942,max_condition,C2_insider,4.0
control_self,resid_norm,17,7,,Elon Musk,Mark Zuckerberg,ai_leader,,10,-0.726111094156901,Mark Zuckerberg,0.5012997400519896,,,0.6950428096198942,max_condition,C2_insider,4.0
control_self,resid_norm,17,8,,Dario Amodei,Jensen Huang,ai_leader,,10,0.5917631785074869,Dario Amodei,0.5062987402519497,,,0.6950428096198942,max_condition,C4_stake,4.0
control_self,resid_norm,17,1,,China,India,state_actor,,10,0.7079054514567057,China,0.5096980603879224,,,0.6950428096198942,max_condition,C2_insider,4.0
control_self,resid_norm,17,13,,United Nations,World Health Organization,institution,,10,-0.649942609998915,World Health Organization,0.622875424915017,,,0.7785942811437713,max_condition,C5_decision,4.0
control_self,resid_norm,17,2,,Iran,Saudi Arabia,state_actor,,10,0.34461307525634766,Iran,0.7466506698660268,,,0.800411346302168,max_condition,C4_stake,4.0
control_self,resid_norm,17,5,,Xi Jinping,Lula da Silva,political_leader,,10,-0.5918829176161025,Lula da Silva,0.7470505898820236,,,0.800411346302168,max_condition,C5_decision,4.0
control_self,resid_norm,17,10,,Amazon,Alibaba,corporation,,10,0.19751485188802084,Amazon,1.0,,,1.0,max_condition,C1_extreme_views,4.0
