tensor,shape,left_cos,right_cos,left_mean,right_mean,left_n_shared_0.9,right_n_shared_0.9,left_n_shared_0.7,right_n_shared_0.7,left_overlap_dim,right_overlap_dim,null_left_mean,null_right_mean,null_left_max,null_right_max
model.layers.0.self_attn.k_proj.weight,"(512, 3584)","[0.8025, 0.7732, 0.7322, 0.6874, 0.6088, 0.5918, 0.4936, 0.4474, 0.399, 0.3565, 0.3115, 0.2265, 0.1942, 0.1746, 0.1284, 0.0128]","[0.9879, 0.9864, 0.9856, 0.9832, 0.9806, 0.972, 0.9636, 0.9518, 0.9436, 0.9091, 0.7672, 0.7389, 0.6182, 0.5524, 0.4755, 0.3298]",0.43377482891082764,0.8215856552124023,0,10,3,12,3.9346766471862793,11.500744819641113,0.14313852787017822,0.05513723939657211,0.31522607803344727,0.1139126718044281
model.layers.0.self_attn.o_proj.weight,"(3584, 3584)","[0.5049, 0.4853, 0.3961, 0.3651, 0.3314, 0.3039, 0.2976, 0.287, 0.2619, 0.2429, 0.2269, 0.219, 0.1974, 0.1764, 0.1255, 0.0791]","[0.9404, 0.9283, 0.9252, 0.9181, 0.9056, 0.8964, 0.8941, 0.8778, 0.8664, 0.8399, 0.8255, 0.8194, 0.7608, 0.6811, 0.6392, 0.3864]",0.2812686264514923,0.8190404772758484,0,5,0,13,1.472847580909729,11.048208236694336,0.05619347095489502,0.058725811541080475,0.12416265904903412,0.12252897024154663
model.layers.0.self_attn.q_proj.weight,"(3584, 3584)","[0.5889, 0.5371, 0.4514, 0.4303, 0.4099, 0.3295, 0.3169, 0.2983, 0.2823, 0.2498, 0.2257, 0.2141, 0.1827, 0.125, 0.0762, 0.0542]","[0.9557, 0.9466, 0.9393, 0.9348, 0.919, 0.8997, 0.8805, 0.8668, 0.8512, 0.7845, 0.7584, 0.7485, 0.679, 0.6412, 0.6125, 0.5642]",0.2982817590236664,0.8113694190979004,0,5,0,12,1.7869954109191895,10.787321090698242,0.05422862991690636,0.05652493238449097,0.12128758430480957,0.1173095628619194
model.layers.0.self_attn.v_proj.weight,"(512, 3584)","[0.5392, 0.4789, 0.4626, 0.4087, 0.3876, 0.3471, 0.3252, 0.3066, 0.2841, 0.2633, 0.1941, 0.1753, 0.1426, 0.1185, 0.0256, 0.0009]","[0.9045, 0.886, 0.8679, 0.8458, 0.8389, 0.8149, 0.7932, 0.7729, 0.7409, 0.6983, 0.6556, 0.6168, 0.5745, 0.5067, 0.4184, 0.3075]",0.27876365184783936,0.7026789784431458,0,1,0,9,1.625035047531128,8.369400024414062,0.13656985759735107,0.05662935972213745,0.3346662223339081,0.12065505981445312
model.layers.1.self_attn.k_proj.weight,"(512, 3584)","[0.8625, 0.8341, 0.817, 0.771, 0.7024, 0.6187, 0.5866, 0.5666, 0.494, 0.4035, 0.3436, 0.2903, 0.2048, 0.1796, 0.0717, 0.0188]","[0.9817, 0.9812, 0.979, 0.9747, 0.9576, 0.9479, 0.9372, 0.9332, 0.9117, 0.831, 0.7864, 0.7486, 0.6456, 0.5545, 0.5225, 0.4821]",0.4853198528289795,0.8234373927116394,0,9,5,12,4.931704998016357,11.3301420211792,0.14671029150485992,0.05564042180776596,0.31572481989860535,0.1315610408782959
model.layers.1.self_attn.o_proj.weight,"(3584, 3584)","[0.5582, 0.5049, 0.4646, 0.4567, 0.3766, 0.3665, 0.3596, 0.3178, 0.3058, 0.2611, 0.2525, 0.2295, 0.2204, 0.2013, 0.1789, 0.1442]","[0.9681, 0.9494, 0.9463, 0.9313, 0.9292, 0.9159, 0.9042, 0.8896, 0.8856, 0.8799, 0.8508, 0.8087, 0.8019, 0.7133, 0.7009, 0.5633]",0.3249174654483795,0.8523957133293152,0,7,0,15,1.9174540042877197,11.809264183044434,0.05947848781943321,0.05067244917154312,0.1346990317106247,0.11614549160003662
model.layers.1.self_attn.q_proj.weight,"(3584, 3584)","[0.7556, 0.602, 0.553, 0.4892, 0.4757, 0.4427, 0.4345, 0.4222, 0.3678, 0.3497, 0.3169, 0.265, 0.2189, 0.188, 0.1053, 0.0446]","[0.9891, 0.9827, 0.9804, 0.9791, 0.9706, 0.9563, 0.9508, 0.946, 0.929, 0.9223, 0.9104, 0.8134, 0.6943, 0.6701, 0.568, 0.3533]",0.37692904472351074,0.8509956002235413,0,11,1,12,2.79215669631958,12.102200508117676,0.05740981921553612,0.05631827190518379,0.11780768632888794,0.13150551915168762
model.layers.1.self_attn.v_proj.weight,"(512, 3584)","[0.6671, 0.6459, 0.5461, 0.5066, 0.4798, 0.4439, 0.4264, 0.3876, 0.3603, 0.3366, 0.3342, 0.2897, 0.2628, 0.2052, 0.1674, 0.0899]","[0.9813, 0.9741, 0.9717, 0.967, 0.9621, 0.9563, 0.9471, 0.9414, 0.934, 0.9057, 0.8973, 0.8798, 0.8175, 0.7411, 0.4729, 0.4568]",0.3843498229980469,0.86286860704422,0,10,0,14,2.76245379447937,12.3358736038208,0.15392468869686127,0.05240863561630249,0.31781503558158875,0.11974615603685379
model.layers.10.self_attn.k_proj.weight,"(512, 3584)","[0.7002, 0.6686, 0.603, 0.5512, 0.5232, 0.4513, 0.3886, 0.3773, 0.3313, 0.2987, 0.2643, 0.2222, 0.1742, 0.1509, 0.0509, 0.0087]","[0.981, 0.9782, 0.9681, 0.9636, 0.9518, 0.932, 0.9216, 0.8944, 0.8842, 0.8253, 0.7532, 0.6497, 0.5759, 0.4941, 0.441, 0.3317]",0.3602737486362457,0.7841131091117859,0,7,1,11,2.7493088245391846,10.54151725769043,0.1595655381679535,0.059700317680835724,0.3374364972114563,0.13375312089920044
model.layers.10.self_attn.o_proj.weight,"(3584, 3584)","[0.6064, 0.5287, 0.4109, 0.3752, 0.3518, 0.3136, 0.2903, 0.2792, 0.2552, 0.228, 0.2006, 0.1765, 0.1322, 0.1182, 0.0802, 0.0674]","[0.9682, 0.9607, 0.9552, 0.9465, 0.9254, 0.9212, 0.9038, 0.8978, 0.8882, 0.8223, 0.8146, 0.7362, 0.6832, 0.6511, 0.5655, 0.3479]",0.2759001553058624,0.8117449879646301,0,7,0,12,1.5720617771148682,10.998886108398438,0.0567082017660141,0.05849701538681984,0.1184893473982811,0.12581117451190948
model.layers.10.self_attn.q_proj.weight,"(3584, 3584)","[0.5117, 0.486, 0.4294, 0.4043, 0.3704, 0.3355, 0.3103, 0.2935, 0.229, 0.2243, 0.2058, 0.1529, 0.1094, 0.0452, 0.0171, 0.0013]","[0.9567, 0.9461, 0.9163, 0.9108, 0.8816, 0.8586, 0.8464, 0.8213, 0.7821, 0.7527, 0.7319, 0.6758, 0.599, 0.5297, 0.5029, 0.4466]",0.2578766644001007,0.7599019408226013,0,4,0,11,1.4607799053192139,9.647117614746094,0.055746644735336304,0.055199552327394485,0.11836449056863785,0.11106333881616592
model.layers.10.self_attn.v_proj.weight,"(512, 3584)","[0.6995, 0.5349, 0.5114, 0.4807, 0.4549, 0.3954, 0.3626, 0.3477, 0.3311, 0.2602, 0.2446, 0.2113, 0.1556, 0.1431, 0.0982, 0.0544]","[0.9711, 0.9635, 0.9606, 0.9504, 0.9403, 0.9333, 0.9265, 0.9111, 0.8849, 0.8418, 0.8122, 0.7837, 0.7267, 0.601, 0.474, 0.4084]",0.3303418755531311,0.8180971145629883,0,8,0,13,2.222656011581421,11.187435150146484,0.14638492465019226,0.059001438319683075,0.30868402123451233,0.135202556848526
model.layers.11.self_attn.k_proj.weight,"(512, 3584)","[0.5915, 0.5838, 0.5153, 0.5114, 0.4299, 0.4092, 0.3816, 0.3278, 0.2949, 0.2345, 0.2218, 0.145, 0.1269, 0.0976, 0.067, 0.0375]","[0.9868, 0.9816, 0.9738, 0.9663, 0.9624, 0.9564, 0.9498, 0.932, 0.9205, 0.8846, 0.8441, 0.7221, 0.6221, 0.5483, 0.4708, 0.3501]",0.31097137928009033,0.8169856071472168,0,9,0,12,2.0667245388031006,11.326719284057617,0.15623879432678223,0.0572606697678566,0.3317207396030426,0.11663822084665298
model.layers.11.self_attn.o_proj.weight,"(3584, 3584)","[0.5199, 0.4972, 0.4304, 0.4162, 0.3191, 0.2794, 0.2459, 0.2387, 0.2087, 0.1956, 0.1707, 0.1507, 0.1464, 0.1031, 0.0406, 0.0014]","[0.9399, 0.9172, 0.9127, 0.883, 0.8557, 0.8373, 0.8096, 0.799, 0.7761, 0.768, 0.7278, 0.6962, 0.6352, 0.5818, 0.5269, 0.4113]",0.24775169789791107,0.7548612952232361,0,3,0,11,1.340773582458496,9.45992660522461,0.054239824414253235,0.05716719478368759,0.1241145059466362,0.11908014118671417
model.layers.11.self_attn.q_proj.weight,"(3584, 3584)","[0.4933, 0.4666, 0.392, 0.3517, 0.3135, 0.2834, 0.2176, 0.2044, 0.1929, 0.1746, 0.147, 0.1335, 0.1261, 0.1043, 0.0573, 0.0118]","[0.9353, 0.9213, 0.9041, 0.8912, 0.8623, 0.8522, 0.8227, 0.7921, 0.7675, 0.741, 0.729, 0.703, 0.6417, 0.5896, 0.5119, 0.495]",0.22936449944972992,0.759994387626648,0,3,0,12,1.1433981657028198,9.539514541625977,0.056669168174266815,0.05631595849990845,0.11182419955730438,0.12054909765720367
model.layers.11.self_attn.v_proj.weight,"(512, 3584)","[0.6114, 0.5302, 0.4567, 0.4347, 0.4262, 0.376, 0.3487, 0.324, 0.3061, 0.2284, 0.1891, 0.1733, 0.1359, 0.1181, 0.0951, 0.0108]","[0.9634, 0.9544, 0.9411, 0.9358, 0.9241, 0.916, 0.9037, 0.8875, 0.8701, 0.8341, 0.806, 0.7583, 0.6241, 0.5827, 0.5034, 0.4056]",0.2977844774723053,0.8006364107131958,0,7,0,12,1.8552134037017822,10.721979141235352,0.14306089282035828,0.05540629103779793,0.3092588186264038,0.11874491721391678
model.layers.12.self_attn.k_proj.weight,"(512, 3584)","[0.7054, 0.6455, 0.587, 0.5061, 0.4598, 0.432, 0.4032, 0.3829, 0.2743, 0.2433, 0.2328, 0.1628, 0.1598, 0.1066, 0.0676, 0.0092]","[0.9795, 0.9726, 0.9651, 0.9582, 0.9485, 0.9426, 0.9344, 0.9101, 0.8982, 0.8555, 0.7964, 0.7559, 0.5937, 0.5002, 0.4364, 0.2967]",0.3361337184906006,0.7964907884597778,0,8,1,12,2.478729248046875,10.86957836151123,0.14815543591976166,0.05120328068733215,0.35314568877220154,0.1230493038892746
model.layers.12.self_attn.o_proj.weight,"(3584, 3584)","[0.5557, 0.4681, 0.4253, 0.3828, 0.3261, 0.2905, 0.2305, 0.2278, 0.1962, 0.1805, 0.1421, 0.1283, 0.1216, 0.1151, 0.0603, 0.0459]","[0.9324, 0.9162, 0.8786, 0.871, 0.8492, 0.8373, 0.8298, 0.8022, 0.7664, 0.7617, 0.7064, 0.6687, 0.5832, 0.5522, 0.4484, 0.4]",0.24355773627758026,0.737735390663147,0,2,0,11,1.2926570177078247,9.113615036010742,0.05131153017282486,0.06386399269104004,0.11895813047885895,0.14683686196804047
model.layers.12.self_attn.q_proj.weight,"(3584, 3584)","[0.4576, 0.4321, 0.4091, 0.3448, 0.3334, 0.3121, 0.2669, 0.2367, 0.2138, 0.2039, 0.185, 0.1707, 0.1184, 0.069, 0.0328, 0.0083]","[0.9283, 0.8971, 0.8899, 0.8741, 0.8118, 0.7911, 0.7632, 0.7437, 0.6919, 0.6642, 0.6206, 0.5558, 0.5118, 0.4692, 0.4472, 0.2933]",0.23717018961906433,0.6845721006393433,0,1,0,8,1.1888363361358643,8.024959564208984,0.056154001504182816,0.05064757168292999,0.12094861268997192,0.12294790893793106
model.layers.12.self_attn.v_proj.weight,"(512, 3584)","[0.6059, 0.5518, 0.4849, 0.458, 0.4078, 0.3985, 0.3563, 0.3322, 0.2721, 0.2363, 0.2096, 0.1933, 0.1649, 0.108, 0.0609, 0.0201]","[0.9503, 0.9486, 0.9257, 0.9123, 0.9061, 0.8884, 0.8788, 0.8497, 0.8347, 0.7796, 0.7602, 0.6988, 0.6025, 0.5095, 0.4308, 0.3726]",0.3037938177585602,0.7655429244041443,0,5,0,11,1.9331133365631104,9.914563179016113,0.15796783566474915,0.05281892046332359,0.3347214460372925,0.12109654396772385
model.layers.13.self_attn.k_proj.weight,"(512, 3584)","[0.6619, 0.5829, 0.5373, 0.4942, 0.4767, 0.4386, 0.3806, 0.3543, 0.3232, 0.2841, 0.2226, 0.1938, 0.1494, 0.0921, 0.0701, 0.0378]","[0.9749, 0.961, 0.9527, 0.9516, 0.9326, 0.9227, 0.9144, 0.9037, 0.8712, 0.8441, 0.7763, 0.6818, 0.6398, 0.492, 0.4477, 0.3603]",0.33122920989990234,0.7891802191734314,0,8,0,11,2.310234785079956,10.581818580627441,0.15717196464538574,0.06007661297917366,0.3252846300601959,0.13060146570205688
model.layers.13.self_attn.o_proj.weight,"(3584, 3584)","[0.6183, 0.4478, 0.3512, 0.3292, 0.2959, 0.2395, 0.2311, 0.1895, 0.1611, 0.1489, 0.1293, 0.1077, 0.0898, 0.0458, 0.0358, 0.0119]","[0.925, 0.907, 0.8638, 0.8493, 0.844, 0.8129, 0.7799, 0.7454, 0.7302, 0.7081, 0.6589, 0.5641, 0.5501, 0.5172, 0.4544, 0.369]",0.21456430852413177,0.7049630284309387,0,2,0,10,1.1368999481201172,8.382553100585938,0.05155421793460846,0.06265834718942642,0.11868373304605484,0.12527957558631897
model.layers.13.self_attn.q_proj.weight,"(3584, 3584)","[0.4432, 0.3823, 0.3613, 0.316, 0.2644, 0.2467, 0.235, 0.208, 0.1912, 0.1811, 0.1767, 0.0949, 0.0723, 0.0503, 0.0111, 0.0088]","[0.9013, 0.8881, 0.8731, 0.8375, 0.8185, 0.8014, 0.7676, 0.7538, 0.6842, 0.6727, 0.5921, 0.5669, 0.5494, 0.4744, 0.3949, 0.3118]",0.20270270109176636,0.6804854869842529,0,1,0,8,0.9197636842727661,7.907140254974365,0.0533360093832016,0.05783235654234886,0.12006720900535583,0.12278623133897781
model.layers.13.self_attn.v_proj.weight,"(512, 3584)","[0.6347, 0.4958, 0.4811, 0.4537, 0.4419, 0.3843, 0.3596, 0.339, 0.3261, 0.2743, 0.2207, 0.2092, 0.1782, 0.1158, 0.0699, 0.0398]","[0.9597, 0.9446, 0.936, 0.9231, 0.9113, 0.8926, 0.8758, 0.8552, 0.8403, 0.8323, 0.7679, 0.7243, 0.6831, 0.5427, 0.5074, 0.4012]",0.31399786472320557,0.7873481512069702,0,5,0,12,1.9987294673919678,10.359837532043457,0.14991019666194916,0.05732586234807968,0.30193114280700684,0.12394427508115768
model.layers.14.self_attn.k_proj.weight,"(512, 3584)","[0.6442, 0.5589, 0.5329, 0.4744, 0.4419, 0.4101, 0.3758, 0.3278, 0.2753, 0.2441, 0.2244, 0.1655, 0.1302, 0.0785, 0.0279, 0.0196]","[0.9695, 0.9635, 0.9544, 0.9523, 0.9375, 0.9086, 0.894, 0.8737, 0.8409, 0.7819, 0.6776, 0.6472, 0.6091, 0.5623, 0.4596, 0.3785]",0.308220237493515,0.7756580114364624,0,6,0,10,2.0859856605529785,10.19112491607666,0.15720568597316742,0.05429261922836304,0.3390142619609833,0.11567025631666183
model.layers.14.self_attn.o_proj.weight,"(3584, 3584)","[0.6308, 0.4351, 0.4039, 0.3792, 0.3257, 0.2615, 0.2498, 0.2143, 0.2028, 0.17, 0.1351, 0.1129, 0.0831, 0.0648, 0.0379, 0.0087]","[0.9477, 0.9275, 0.8996, 0.8812, 0.8634, 0.8339, 0.8238, 0.7842, 0.7265, 0.7214, 0.7048, 0.66, 0.5985, 0.5686, 0.4681, 0.4079]",0.23222701251506805,0.7385660409927368,0,2,0,11,1.2905324697494507,9.126147270202637,0.05257920175790787,0.05391494929790497,0.11153056472539902,0.12068136781454086
model.layers.14.self_attn.q_proj.weight,"(3584, 3584)","[0.4115, 0.382, 0.3612, 0.3462, 0.3407, 0.274, 0.2603, 0.2512, 0.2193, 0.1849, 0.1622, 0.1445, 0.1196, 0.1004, 0.0743, 0.0383]","[0.9448, 0.9183, 0.9086, 0.8883, 0.8711, 0.8535, 0.8307, 0.7726, 0.7528, 0.7084, 0.6737, 0.6501, 0.5708, 0.552, 0.4005, 0.3545]",0.22941240668296814,0.7281745672225952,0,3,0,10,1.0483770370483398,8.986549377441406,0.05475578084588051,0.055785249918699265,0.11580712348222733,0.1198045164346695
model.layers.14.self_attn.v_proj.weight,"(512, 3584)","[0.5944, 0.4535, 0.4197, 0.3724, 0.3425, 0.3362, 0.3115, 0.2806, 0.2398, 0.2272, 0.1968, 0.1618, 0.1036, 0.0801, 0.0736, 0.0281]","[0.949, 0.9135, 0.8954, 0.8813, 0.8697, 0.8553, 0.7984, 0.7886, 0.76, 0.7394, 0.7115, 0.6906, 0.6569, 0.5048, 0.4402, 0.3965]",0.26387009024620056,0.7406903505325317,0,2,0,11,1.4773870706558228,9.205479621887207,0.15170995891094208,0.053916700184345245,0.338857501745224,0.13110364973545074
model.layers.15.self_attn.k_proj.weight,"(512, 3584)","[0.6042, 0.5534, 0.5172, 0.4621, 0.4002, 0.3833, 0.3686, 0.3047, 0.2878, 0.2729, 0.2352, 0.2156, 0.1787, 0.1179, 0.0681, 0.0295]","[0.9729, 0.9707, 0.9597, 0.9527, 0.9334, 0.9193, 0.9088, 0.9048, 0.8623, 0.8287, 0.7932, 0.7092, 0.6588, 0.5446, 0.4823, 0.4023]",0.3124612271785736,0.8002210855484009,0,8,0,12,1.9985640048980713,10.765660285949707,0.15819405019283295,0.05698782950639725,0.3216288387775421,0.11955868452787399
model.layers.15.self_attn.o_proj.weight,"(3584, 3584)","[0.5869, 0.4102, 0.3778, 0.346, 0.3415, 0.2984, 0.284, 0.2741, 0.206, 0.1903, 0.1734, 0.1707, 0.1303, 0.1045, 0.049, 0.0087]","[0.9223, 0.8969, 0.8714, 0.8649, 0.852, 0.8038, 0.7939, 0.7792, 0.7729, 0.7138, 0.7019, 0.6534, 0.6213, 0.5809, 0.5564, 0.4705]",0.24696829915046692,0.740970253944397,0,1,0,11,1.3046820163726807,9.052803039550781,0.05486555024981499,0.051590416580438614,0.11048857867717743,0.11513946950435638
model.layers.15.self_attn.q_proj.weight,"(3584, 3584)","[0.4615, 0.4156, 0.365, 0.3578, 0.3229, 0.3152, 0.2906, 0.2705, 0.2363, 0.2009, 0.1471, 0.1461, 0.1015, 0.0812, 0.0507, 0.0049]","[0.9099, 0.9032, 0.8668, 0.8462, 0.8309, 0.8157, 0.7968, 0.7742, 0.7458, 0.7165, 0.6531, 0.6143, 0.5848, 0.5177, 0.4217, 0.3164]",0.2354835569858551,0.7071243524551392,0,2,0,10,1.1668145656585693,8.46263599395752,0.05403847619891167,0.05757308751344681,0.11561708152294159,0.12643374502658844
model.layers.15.self_attn.v_proj.weight,"(512, 3584)","[0.7324, 0.5126, 0.4494, 0.4379, 0.3831, 0.3712, 0.345, 0.266, 0.2415, 0.207, 0.192, 0.1619, 0.1227, 0.0802, 0.0671, 0.028]","[0.9431, 0.9293, 0.9208, 0.9049, 0.8924, 0.8701, 0.8418, 0.829, 0.7861, 0.7543, 0.7272, 0.6807, 0.6349, 0.6068, 0.5438, 0.4213]",0.2873864471912384,0.7679053544998169,0,4,1,11,1.8583719730377197,9.792667388916016,0.15790967643260956,0.05157560482621193,0.3312775790691376,0.11502178013324738
model.layers.16.self_attn.k_proj.weight,"(512, 3584)","[0.5974, 0.5584, 0.4828, 0.4381, 0.4231, 0.3618, 0.3317, 0.2933, 0.2565, 0.2422, 0.2054, 0.1724, 0.12, 0.0982, 0.0636, 0.014]","[0.9678, 0.9585, 0.956, 0.9271, 0.9246, 0.9072, 0.8964, 0.8639, 0.8232, 0.7822, 0.7128, 0.6469, 0.5854, 0.4933, 0.4516, 0.4264]",0.2911842465400696,0.7702192068099976,0,6,0,11,1.82436203956604,10.044698715209961,0.146711066365242,0.05636107176542282,0.3293311893939972,0.1212453544139862
model.layers.16.self_attn.o_proj.weight,"(3584, 3584)","[0.4887, 0.425, 0.3326, 0.3143, 0.2732, 0.2443, 0.2406, 0.1933, 0.17, 0.1394, 0.1174, 0.1113, 0.0856, 0.0725, 0.0402, 0.0076]","[0.9033, 0.8665, 0.8458, 0.8424, 0.8363, 0.8124, 0.7569, 0.7343, 0.6924, 0.6705, 0.6402, 0.5871, 0.5494, 0.5178, 0.5021, 0.4004]",0.20349830389022827,0.6973612308502197,0,1,0,8,0.9471846222877502,8.129144668579102,0.055517055094242096,0.05541100725531578,0.12799641489982605,0.11553793400526047
model.layers.16.self_attn.q_proj.weight,"(3584, 3584)","[0.4384, 0.3933, 0.3561, 0.2966, 0.2934, 0.2807, 0.235, 0.2035, 0.1937, 0.1777, 0.1612, 0.1227, 0.1099, 0.0638, 0.0436, 0.0303]","[0.8992, 0.886, 0.8737, 0.8233, 0.8068, 0.7488, 0.7325, 0.7222, 0.7061, 0.6276, 0.5909, 0.5695, 0.5341, 0.4628, 0.4322, 0.384]",0.212506502866745,0.6749770641326904,0,0,0,9,0.9523451328277588,7.703981399536133,0.05549243465065956,0.058243729174137115,0.12530317902565002,0.11906758695840836
model.layers.16.self_attn.v_proj.weight,"(512, 3584)","[0.6317, 0.5314, 0.4747, 0.4327, 0.3837, 0.3659, 0.3435, 0.3081, 0.2956, 0.232, 0.2045, 0.1967, 0.1562, 0.1063, 0.0342, 0.0164]","[0.9493, 0.9332, 0.904, 0.8983, 0.8757, 0.8666, 0.827, 0.8174, 0.7895, 0.7671, 0.7305, 0.7161, 0.6093, 0.5965, 0.5169, 0.3614]",0.29458606243133545,0.7599244713783264,0,3,0,12,1.8466954231262207,9.649133682250977,0.1495707482099533,0.05754467472434044,0.31940367817878723,0.1264587640762329
model.layers.17.self_attn.k_proj.weight,"(512, 3584)","[0.6665, 0.6191, 0.5237, 0.5069, 0.4608, 0.3842, 0.3372, 0.3183, 0.2835, 0.2415, 0.1957, 0.1857, 0.1365, 0.0893, 0.0759, 0.031]","[0.9657, 0.9527, 0.9492, 0.943, 0.9291, 0.8839, 0.8788, 0.8591, 0.8412, 0.7985, 0.7321, 0.6797, 0.6117, 0.5062, 0.4411, 0.3883]",0.3159845769405365,0.7725211381912231,0,5,0,11,2.178448438644409,10.104278564453125,0.14527420699596405,0.0573982298374176,0.2985609471797943,0.12401406466960907
model.layers.17.self_attn.o_proj.weight,"(3584, 3584)","[0.4373, 0.4018, 0.3509, 0.3213, 0.2964, 0.2703, 0.2535, 0.1967, 0.1823, 0.1525, 0.1367, 0.1083, 0.0983, 0.075, 0.0528, 0.0363]","[0.8869, 0.8612, 0.8589, 0.8046, 0.7952, 0.7787, 0.7284, 0.7068, 0.7005, 0.6603, 0.6578, 0.6193, 0.5808, 0.5097, 0.4636, 0.3901]",0.21064242720603943,0.6876780390739441,0,0,0,9,0.9491733312606812,7.88935661315918,0.05504461005330086,0.05482145771384239,0.11278894543647766,0.11909288167953491
model.layers.17.self_attn.q_proj.weight,"(3584, 3584)","[0.4614, 0.4494, 0.3773, 0.3478, 0.3022, 0.2501, 0.2387, 0.212, 0.2074, 0.1861, 0.1525, 0.1359, 0.1249, 0.0926, 0.0846, 0.0034]","[0.9319, 0.9123, 0.8995, 0.8713, 0.8575, 0.8369, 0.8243, 0.7931, 0.7445, 0.7094, 0.6867, 0.6446, 0.5742, 0.5349, 0.3951, 0.339]",0.22664004564285278,0.7221788167953491,0,2,0,10,1.0846041440963745,8.844076156616211,0.057254940271377563,0.05696836858987808,0.11576248705387115,0.12678289413452148
model.layers.17.self_attn.v_proj.weight,"(512, 3584)","[0.552, 0.5206, 0.4311, 0.4166, 0.405, 0.3344, 0.3212, 0.3007, 0.2777, 0.2462, 0.2216, 0.182, 0.1568, 0.1367, 0.0562, 0.001]","[0.9477, 0.9373, 0.9262, 0.8781, 0.8692, 0.8598, 0.8451, 0.812, 0.7869, 0.7268, 0.7127, 0.6612, 0.6107, 0.6056, 0.3835, 0.3236]",0.28498679399490356,0.7429003715515137,0,3,0,11,1.6709398031234741,9.357906341552734,0.1482185274362564,0.0567842572927475,0.32609084248542786,0.12965132296085358
model.layers.18.self_attn.k_proj.weight,"(512, 3584)","[0.6494, 0.5905, 0.5642, 0.4841, 0.4623, 0.3895, 0.3704, 0.3355, 0.306, 0.2289, 0.1784, 0.1578, 0.1078, 0.0507, 0.0444, 0.018]","[0.975, 0.9603, 0.9588, 0.9522, 0.9317, 0.9183, 0.9011, 0.883, 0.8358, 0.7969, 0.7486, 0.663, 0.5648, 0.5527, 0.4436, 0.3954]",0.3086179196834564,0.7800682783126831,0,7,0,11,2.1575634479522705,10.312817573547363,0.14443936944007874,0.054885681718587875,0.3160193860530853,0.11244038492441177
model.layers.18.self_attn.o_proj.weight,"(3584, 3584)","[0.4922, 0.3443, 0.3362, 0.3157, 0.2875, 0.2557, 0.2436, 0.1971, 0.1774, 0.1599, 0.1559, 0.1357, 0.1118, 0.0794, 0.0721, 0.0355]","[0.8538, 0.8442, 0.8064, 0.7758, 0.7585, 0.7374, 0.7022, 0.6887, 0.6548, 0.644, 0.639, 0.5664, 0.5397, 0.4901, 0.476, 0.4]",0.2125023603439331,0.6610680222511292,0,0,0,7,0.9447811841964722,7.271103382110596,0.05392671748995781,0.06008916348218918,0.11611951142549515,0.1252032369375229
model.layers.18.self_attn.q_proj.weight,"(3584, 3584)","[0.5426, 0.4488, 0.395, 0.3752, 0.324, 0.2999, 0.2897, 0.2498, 0.2177, 0.2062, 0.1827, 0.1388, 0.107, 0.0849, 0.0712, 0.0087]","[0.8993, 0.8797, 0.8552, 0.8333, 0.8218, 0.8055, 0.7675, 0.7361, 0.7105, 0.6587, 0.6173, 0.5789, 0.519, 0.4595, 0.4189, 0.3653]",0.24639691412448883,0.6828963756561279,0,0,0,9,1.3003277778625488,7.907555103302002,0.05611477419734001,0.05744070187211037,0.12547460198402405,0.11293993890285492
model.layers.18.self_attn.v_proj.weight,"(512, 3584)","[0.6146, 0.5374, 0.4733, 0.4526, 0.4015, 0.3804, 0.3354, 0.3121, 0.2922, 0.2388, 0.2034, 0.1807, 0.1544, 0.0981, 0.0588, 0.0132]","[0.9005, 0.8849, 0.8776, 0.8568, 0.8458, 0.837, 0.7839, 0.7556, 0.7205, 0.7052, 0.6539, 0.6349, 0.5935, 0.4973, 0.4186, 0.3414]",0.2966853082180023,0.7067060470581055,0,1,0,10,1.8647236824035645,8.437931060791016,0.15344974398612976,0.05424950644373894,0.3383190631866455,0.12404358386993408
model.layers.19.self_attn.k_proj.weight,"(512, 3584)","[0.5937, 0.5714, 0.523, 0.5052, 0.4815, 0.3672, 0.3491, 0.3256, 0.2925, 0.2583, 0.2458, 0.189, 0.1273, 0.0627, 0.0463, 0.0166]","[0.9745, 0.9656, 0.9593, 0.9487, 0.9441, 0.936, 0.9306, 0.9046, 0.8787, 0.848, 0.8254, 0.7105, 0.6009, 0.5896, 0.4252, 0.3417]",0.30969831347465515,0.7989710569381714,0,8,0,12,2.0732760429382324,10.837847709655762,0.1400541216135025,0.05530420318245888,0.30844661593437195,0.12274953722953796
model.layers.19.self_attn.o_proj.weight,"(3584, 3584)","[0.7148, 0.4107, 0.3576, 0.321, 0.2858, 0.2714, 0.2487, 0.2135, 0.1919, 0.1857, 0.1595, 0.1526, 0.1116, 0.0945, 0.0649, 0.0211]","[0.8836, 0.8485, 0.8282, 0.82, 0.7825, 0.7738, 0.739, 0.7156, 0.7033, 0.6773, 0.639, 0.6233, 0.5672, 0.5315, 0.4566, 0.4051]",0.23782235383987427,0.6871505379676819,0,0,1,9,1.3192683458328247,7.855144023895264,0.058980729430913925,0.05726251006126404,0.13559088110923767,0.12160778045654297
model.layers.19.self_attn.q_proj.weight,"(3584, 3584)","[0.4604, 0.4549, 0.4135, 0.3833, 0.2852, 0.2764, 0.2713, 0.248, 0.2236, 0.2098, 0.1658, 0.1404, 0.103, 0.0723, 0.0225, 0.0124]","[0.8953, 0.8642, 0.8443, 0.7936, 0.7856, 0.7526, 0.7184, 0.7046, 0.6706, 0.5999, 0.5862, 0.5296, 0.5063, 0.4276, 0.3956, 0.3297]",0.23392581939697266,0.6502481698989868,0,0,0,8,1.1873327493667603,7.225098609924316,0.05326695740222931,0.055722713470458984,0.11440449208021164,0.1113530620932579
model.layers.19.self_attn.v_proj.weight,"(512, 3584)","[0.6739, 0.5243, 0.4998, 0.435, 0.4272, 0.384, 0.3553, 0.3422, 0.3045, 0.2923, 0.2528, 0.189, 0.1401, 0.1283, 0.0344, 0.0053]","[0.8803, 0.8497, 0.8244, 0.8008, 0.7849, 0.7717, 0.7449, 0.7326, 0.6723, 0.637, 0.5944, 0.57, 0.5367, 0.4701, 0.4138, 0.3881]",0.3117816150188446,0.6669732332229614,0,0,0,8,2.0564236640930176,7.48768949508667,0.14898741245269775,0.05895434319972992,0.32355353236198425,0.124925397336483
model.layers.2.self_attn.k_proj.weight,"(512, 3584)","[0.7168, 0.6766, 0.5862, 0.5826, 0.5199, 0.503, 0.4624, 0.4026, 0.3748, 0.2855, 0.2405, 0.1974, 0.1815, 0.1431, 0.0486, 0.0102]","[0.9817, 0.9796, 0.973, 0.971, 0.9697, 0.9509, 0.9378, 0.9245, 0.9041, 0.8809, 0.8399, 0.7605, 0.6766, 0.5159, 0.4836, 0.3992]",0.370727002620697,0.8218100070953369,0,9,1,12,2.928473949432373,11.386143684387207,0.1502809077501297,0.056001435965299606,0.30685892701148987,0.1261867731809616
model.layers.2.self_attn.o_proj.weight,"(3584, 3584)","[0.5194, 0.446, 0.4132, 0.3811, 0.3677, 0.35, 0.3013, 0.2799, 0.2693, 0.2462, 0.2363, 0.2272, 0.2168, 0.1659, 0.1515, 0.1122]","[0.951, 0.9476, 0.9362, 0.9252, 0.9149, 0.9012, 0.8985, 0.8819, 0.8733, 0.8272, 0.8146, 0.7938, 0.7166, 0.7009, 0.6289, 0.5493]",0.2927514314651489,0.8288105726242065,0,6,0,14,1.5622048377990723,11.211454391479492,0.058174945414066315,0.0541219562292099,0.13264340162277222,0.10866007953882217
model.layers.2.self_attn.q_proj.weight,"(3584, 3584)","[0.5384, 0.5072, 0.4216, 0.4062, 0.395, 0.3454, 0.3251, 0.3128, 0.2897, 0.2639, 0.2455, 0.2337, 0.1814, 0.1502, 0.1382, 0.0533]","[0.9504, 0.9375, 0.9157, 0.9104, 0.8632, 0.8574, 0.8353, 0.8194, 0.7706, 0.7516, 0.6908, 0.6357, 0.5878, 0.5205, 0.4884, 0.3801]",0.30049240589141846,0.7446637153625488,0,4,0,10,1.7147458791732788,9.338114738464355,0.053974248468875885,0.05654711276292801,0.1229146271944046,0.11267837136983871
model.layers.2.self_attn.v_proj.weight,"(512, 3584)","[0.6157, 0.5294, 0.5079, 0.4625, 0.4529, 0.4288, 0.3299, 0.3228, 0.3036, 0.2564, 0.251, 0.2278, 0.1943, 0.1474, 0.1076, 0.073]","[0.9602, 0.9534, 0.9434, 0.939, 0.9343, 0.9268, 0.9245, 0.9161, 0.9103, 0.8667, 0.8555, 0.8349, 0.7668, 0.5847, 0.4747, 0.3713]",0.32569587230682373,0.8226555585861206,0,9,0,13,2.0825350284576416,11.330164909362793,0.1529318392276764,0.05338287353515625,0.31681665778160095,0.11639271676540375
model.layers.20.self_attn.k_proj.weight,"(512, 3584)","[0.6283, 0.5639, 0.5164, 0.492, 0.4403, 0.4151, 0.3896, 0.3104, 0.2805, 0.2322, 0.1877, 0.1826, 0.1395, 0.1088, 0.0456, 0.007]","[0.9724, 0.9605, 0.957, 0.9297, 0.9161, 0.9061, 0.8823, 0.8398, 0.7976, 0.7505, 0.6995, 0.5865, 0.5199, 0.4511, 0.4252, 0.3292]",0.30875062942504883,0.7452173829078674,0,6,0,10,2.0704233646392822,9.588064193725586,0.14220376312732697,0.058309800922870636,0.3082485795021057,0.1370219737291336
model.layers.20.self_attn.o_proj.weight,"(3584, 3584)","[0.3952, 0.379, 0.3364, 0.3003, 0.2784, 0.2259, 0.2078, 0.195, 0.1532, 0.1373, 0.0977, 0.0802, 0.0611, 0.0411, 0.0322, 0.0123]","[0.8371, 0.7994, 0.7592, 0.7484, 0.7359, 0.7122, 0.6949, 0.6846, 0.6572, 0.6362, 0.6185, 0.5414, 0.4812, 0.3923, 0.3595, 0.3005]",0.18332214653491974,0.622403621673584,0,0,0,6,0.7778286337852478,6.593879699707031,0.05386222153902054,0.058441102504730225,0.1056516021490097,0.12652140855789185
model.layers.20.self_attn.q_proj.weight,"(3584, 3584)","[0.5692, 0.4178, 0.3386, 0.3229, 0.2896, 0.2599, 0.2317, 0.2008, 0.1944, 0.1671, 0.1309, 0.1222, 0.0866, 0.0559, 0.02, 0.0184]","[0.9079, 0.8837, 0.8723, 0.8335, 0.8204, 0.8152, 0.7678, 0.7185, 0.6447, 0.5909, 0.5784, 0.5236, 0.5011, 0.4217, 0.3916, 0.3062]",0.2141255885362625,0.6611015200614929,0,1,0,8,1.072063684463501,7.553857803344727,0.06307640671730042,0.05667885020375252,0.11789442598819733,0.12742117047309875
model.layers.20.self_attn.v_proj.weight,"(512, 3584)","[0.623, 0.5303, 0.4574, 0.4464, 0.4252, 0.3652, 0.324, 0.2832, 0.2661, 0.2522, 0.192, 0.1382, 0.1304, 0.1118, 0.0379, 0.014]","[0.9211, 0.8946, 0.878, 0.8645, 0.8243, 0.8081, 0.767, 0.7554, 0.7138, 0.6903, 0.6358, 0.6171, 0.5209, 0.4829, 0.4237, 0.2976]",0.2873190939426422,0.6934566497802734,0,1,0,9,1.7986551523208618,8.20235538482666,0.1535595953464508,0.055558450520038605,0.3288101553916931,0.12283307313919067
model.layers.21.self_attn.k_proj.weight,"(512, 3584)","[0.6697, 0.5717, 0.5175, 0.4985, 0.4687, 0.4444, 0.3445, 0.2899, 0.2733, 0.2346, 0.1995, 0.1733, 0.1491, 0.1104, 0.0769, 0.0271]","[0.9685, 0.9427, 0.932, 0.9219, 0.9044, 0.8744, 0.8579, 0.8287, 0.8048, 0.7545, 0.7121, 0.6884, 0.5927, 0.4846, 0.3973, 0.3593]",0.31557416915893555,0.7515125274658203,0,5,0,11,2.1522574424743652,9.621431350708008,0.14747995138168335,0.05828288942575455,0.31154030561447144,0.1256413608789444
model.layers.21.self_attn.o_proj.weight,"(3584, 3584)","[0.5419, 0.4685, 0.3751, 0.3124, 0.2946, 0.2517, 0.2426, 0.2119, 0.1893, 0.1592, 0.1362, 0.126, 0.117, 0.0686, 0.045, 0.0078]","[0.8844, 0.8656, 0.8469, 0.7891, 0.7764, 0.7638, 0.758, 0.706, 0.665, 0.6465, 0.6224, 0.5465, 0.4879, 0.4774, 0.3687, 0.2771]",0.2217332422733307,0.6551110148429871,0,0,0,8,1.1213939189910889,7.35556173324585,0.05725222826004028,0.060303594917058945,0.11527474969625473,0.12382109463214874
model.layers.21.self_attn.q_proj.weight,"(3584, 3584)","[0.5615, 0.4571, 0.3747, 0.3392, 0.3241, 0.2839, 0.2767, 0.2429, 0.206, 0.1392, 0.1303, 0.097, 0.0737, 0.0584, 0.0529, 0.0229]","[0.8618, 0.8427, 0.8146, 0.7885, 0.7537, 0.7284, 0.68, 0.6412, 0.6296, 0.6004, 0.5461, 0.5024, 0.4595, 0.3786, 0.3522, 0.3358]",0.22754007577896118,0.6197159886360168,0,0,0,6,1.2012827396392822,6.6089911460876465,0.06056470051407814,0.05792912095785141,0.12625814974308014,0.1424376517534256
model.layers.21.self_attn.v_proj.weight,"(512, 3584)","[0.5364, 0.4943, 0.432, 0.3706, 0.3477, 0.3054, 0.2972, 0.263, 0.2262, 0.1852, 0.1766, 0.1218, 0.1012, 0.0768, 0.0438, 0.0105]","[0.8843, 0.8744, 0.8392, 0.8202, 0.7998, 0.7726, 0.7291, 0.7177, 0.6921, 0.6643, 0.6184, 0.5314, 0.4462, 0.4114, 0.3965, 0.3501]",0.24929095804691315,0.6592394709587097,0,0,0,8,1.3773363828659058,7.4402689933776855,0.15206219255924225,0.05565726384520531,0.3465544283390045,0.1188567504286766
model.layers.22.self_attn.k_proj.weight,"(512, 3584)","[0.6778, 0.6259, 0.564, 0.5072, 0.448, 0.4279, 0.366, 0.3399, 0.28, 0.2566, 0.2006, 0.1594, 0.1212, 0.0962, 0.0676, 0.0144]","[0.9528, 0.9268, 0.9038, 0.8929, 0.8741, 0.8589, 0.8062, 0.775, 0.721, 0.7089, 0.6397, 0.6119, 0.5623, 0.5328, 0.4205, 0.3197]",0.32203808426856995,0.7191963195800781,0,3,0,10,2.29832124710083,8.818148612976074,0.14423254132270813,0.05746692791581154,0.30683255195617676,0.13262026011943817
model.layers.22.self_attn.o_proj.weight,"(3584, 3584)","[0.681, 0.4965, 0.4595, 0.4191, 0.3843, 0.2958, 0.29, 0.2678, 0.2336, 0.184, 0.1539, 0.1455, 0.1122, 0.0985, 0.0575, 0.0193]","[0.901, 0.8794, 0.8705, 0.8426, 0.8268, 0.7994, 0.7878, 0.7522, 0.6848, 0.6552, 0.6341, 0.6203, 0.5378, 0.4717, 0.3904, 0.3012]",0.26864758133888245,0.684700608253479,0,1,0,8,1.6472210884094238,8.001891136169434,0.05768486484885216,0.058516453951597214,0.13319887220859528,0.12035653740167618
model.layers.22.self_attn.q_proj.weight,"(3584, 3584)","[0.5288, 0.4581, 0.4162, 0.3719, 0.3506, 0.3348, 0.2849, 0.2641, 0.2053, 0.182, 0.1723, 0.1526, 0.0906, 0.0661, 0.0332, 0.0073]","[0.8812, 0.8452, 0.8308, 0.7904, 0.765, 0.7128, 0.6924, 0.6503, 0.5993, 0.5835, 0.5409, 0.52, 0.4951, 0.4198, 0.3098, 0.3041]",0.24492767453193665,0.6212911605834961,0,0,0,6,1.3289637565612793,6.673936367034912,0.0571441650390625,0.051876313984394073,0.13780683279037476,0.11876039206981659
model.layers.22.self_attn.v_proj.weight,"(512, 3584)","[0.633, 0.5845, 0.4705, 0.4335, 0.404, 0.3565, 0.3431, 0.3141, 0.3016, 0.2569, 0.2152, 0.1929, 0.1444, 0.1138, 0.1035, 0.0425]","[0.9509, 0.9212, 0.9171, 0.8829, 0.8729, 0.8404, 0.823, 0.803, 0.7483, 0.7134, 0.7009, 0.6748, 0.6387, 0.5386, 0.4035, 0.3355]",0.30687442421913147,0.735323429107666,0,3,0,11,1.9452096223831177,9.152848243713379,0.14261357486248016,0.05415356904268265,0.2987365126609802,0.13193891942501068
model.layers.23.self_attn.k_proj.weight,"(512, 3584)","[0.7154, 0.5635, 0.5472, 0.5049, 0.4538, 0.3814, 0.3698, 0.315, 0.2756, 0.2576, 0.1733, 0.1409, 0.1303, 0.1273, 0.0444, 0.019]","[0.9549, 0.9517, 0.9396, 0.9224, 0.9052, 0.8957, 0.8798, 0.8423, 0.7922, 0.723, 0.687, 0.5853, 0.5489, 0.4687, 0.4384, 0.3027]",0.31371593475341797,0.7398712635040283,0,5,1,10,2.198803424835205,9.426204681396484,0.1416555941104889,0.057265423238277435,0.33541032671928406,0.13200171291828156
model.layers.23.self_attn.o_proj.weight,"(3584, 3584)","[0.5325, 0.4952, 0.4672, 0.3817, 0.3301, 0.2736, 0.2583, 0.2416, 0.2315, 0.1965, 0.1744, 0.166, 0.1184, 0.1059, 0.0737, 0.0536]","[0.8737, 0.8718, 0.8501, 0.8322, 0.8284, 0.7869, 0.7621, 0.7513, 0.7278, 0.6923, 0.6632, 0.6136, 0.5929, 0.5498, 0.4774, 0.3196]",0.2562495172023773,0.6995797753334045,0,0,0,9,1.385309100151062,8.198782920837402,0.053892385214567184,0.05755041912198067,0.12251107394695282,0.12112890183925629
model.layers.23.self_attn.q_proj.weight,"(3584, 3584)","[0.4839, 0.4407, 0.4339, 0.3913, 0.3628, 0.311, 0.2691, 0.2486, 0.2263, 0.1855, 0.1716, 0.1354, 0.12, 0.0761, 0.0609, 0.0101]","[0.9021, 0.8729, 0.8246, 0.8007, 0.7791, 0.7251, 0.7146, 0.6549, 0.6377, 0.6011, 0.5018, 0.4659, 0.4239, 0.4007, 0.3432, 0.2786]",0.2454466074705124,0.6204335689544678,0,1,0,7,1.2896685600280762,6.741791725158691,0.057611484080553055,0.05454529449343681,0.12261678278446198,0.1104329451918602
model.layers.23.self_attn.v_proj.weight,"(512, 3584)","[0.6182, 0.5571, 0.519, 0.4813, 0.4622, 0.4421, 0.3823, 0.3214, 0.2999, 0.2495, 0.2439, 0.1816, 0.1542, 0.0718, 0.0644, 0.0245]","[0.918, 0.899, 0.8667, 0.8567, 0.834, 0.8259, 0.8133, 0.7985, 0.693, 0.6358, 0.5614, 0.5302, 0.497, 0.4522, 0.4124, 0.3484]",0.3170918822288513,0.6839110851287842,0,1,0,8,2.130403995513916,8.036556243896484,0.15221667289733887,0.04988373443484306,0.3267628848552704,0.11925908178091049
model.layers.24.self_attn.k_proj.weight,"(512, 3584)","[0.6788, 0.5566, 0.5255, 0.5037, 0.4488, 0.3948, 0.36, 0.329, 0.2828, 0.251, 0.2184, 0.1992, 0.1195, 0.0642, 0.0443, 0.0191]","[0.9716, 0.9623, 0.9432, 0.9328, 0.9218, 0.8905, 0.8843, 0.8529, 0.825, 0.7871, 0.7192, 0.633, 0.5823, 0.5473, 0.3803, 0.3521]",0.31223511695861816,0.7615933418273926,0,5,0,11,2.1467463970184326,9.906944274902344,0.1495591253042221,0.056356269866228104,0.32203811407089233,0.1260676383972168
model.layers.24.self_attn.o_proj.weight,"(3584, 3584)","[0.5911, 0.5449, 0.4936, 0.4112, 0.3664, 0.32, 0.2938, 0.2664, 0.2285, 0.2007, 0.1755, 0.1636, 0.137, 0.0757, 0.0665, 0.0313]","[0.8663, 0.8545, 0.8282, 0.8077, 0.7627, 0.7389, 0.7176, 0.7013, 0.6462, 0.6056, 0.5577, 0.5393, 0.5021, 0.3892, 0.3424, 0.3011]",0.27288785576820374,0.6350427865982056,0,0,0,8,1.6328634023666382,6.950906276702881,0.06253632158041,0.056934673339128494,0.12274378538131714,0.12072639912366867
model.layers.24.self_attn.q_proj.weight,"(3584, 3584)","[0.4618, 0.4521, 0.4226, 0.4047, 0.3443, 0.3379, 0.2861, 0.2511, 0.2455, 0.2211, 0.1562, 0.1366, 0.1142, 0.0956, 0.0746, 0.0113]","[0.8944, 0.8607, 0.8442, 0.829, 0.7857, 0.7554, 0.682, 0.647, 0.6368, 0.6063, 0.5901, 0.52, 0.4969, 0.4634, 0.3994, 0.3636]",0.2509914040565491,0.6484450101852417,0,0,0,6,1.3178585767745972,7.157778739929199,0.05620553344488144,0.061665840446949005,0.12210138142108917,0.13617736101150513
model.layers.24.self_attn.v_proj.weight,"(512, 3584)","[0.7658, 0.6114, 0.5554, 0.478, 0.4528, 0.368, 0.3571, 0.3347, 0.2921, 0.2528, 0.2063, 0.1857, 0.1802, 0.1181, 0.0293, 0.0039]","[0.9041, 0.8943, 0.878, 0.8406, 0.817, 0.7918, 0.7819, 0.7573, 0.7352, 0.7046, 0.6899, 0.6121, 0.5367, 0.4155, 0.3836, 0.3102]",0.3244752287864685,0.6908009648323059,0,1,1,10,2.3507280349731445,8.165725708007812,0.14870738983154297,0.05459218472242355,0.30649667978286743,0.12178552150726318
model.layers.25.self_attn.k_proj.weight,"(512, 3584)","[0.5913, 0.5487, 0.477, 0.4341, 0.3984, 0.3389, 0.3114, 0.2971, 0.221, 0.2029, 0.1703, 0.1407, 0.1127, 0.0896, 0.038, 0.0129]","[0.9513, 0.9368, 0.9237, 0.9146, 0.8866, 0.8585, 0.8452, 0.8201, 0.772, 0.7649, 0.7374, 0.7037, 0.5186, 0.4284, 0.4113, 0.3598]",0.2740609049797058,0.7395608425140381,0,4,0,12,1.686618685722351,9.353588104248047,0.15756645798683167,0.05775367468595505,0.3061593472957611,0.1250484585762024
model.layers.25.self_attn.o_proj.weight,"(3584, 3584)","[0.5993, 0.5268, 0.4251, 0.3663, 0.3398, 0.3192, 0.2441, 0.2326, 0.1974, 0.1758, 0.1421, 0.1244, 0.0902, 0.0557, 0.0287, 0.0223]","[0.8412, 0.823, 0.7839, 0.7645, 0.7506, 0.7456, 0.7127, 0.6898, 0.6678, 0.6541, 0.6191, 0.5845, 0.5378, 0.5035, 0.4321, 0.3003]",0.2431090772151947,0.6506415009498596,0,0,0,7,1.400686264038086,7.105066776275635,0.05619139224290848,0.053305961191654205,0.12048084288835526,0.1117868721485138
model.layers.25.self_attn.q_proj.weight,"(3584, 3584)","[0.4569, 0.4109, 0.3785, 0.3464, 0.2921, 0.2738, 0.2283, 0.2175, 0.1802, 0.167, 0.1038, 0.0855, 0.061, 0.0482, 0.0089, 0.0027]","[0.8378, 0.8033, 0.7801, 0.7568, 0.7435, 0.683, 0.6332, 0.6205, 0.5921, 0.5781, 0.5374, 0.4919, 0.4302, 0.3903, 0.3869, 0.2321]",0.2038525938987732,0.5935678482055664,0,0,0,5,0.9851311445236206,6.090136528015137,0.05967380851507187,0.05625048652291298,0.12408823519945145,0.1272175908088684
model.layers.25.self_attn.v_proj.weight,"(512, 3584)","[0.654, 0.5346, 0.4696, 0.437, 0.3853, 0.3746, 0.3515, 0.3206, 0.269, 0.2234, 0.1811, 0.1488, 0.1316, 0.0866, 0.0643, 0.0266]","[0.8863, 0.8479, 0.8365, 0.799, 0.7931, 0.7325, 0.7256, 0.7024, 0.6772, 0.5974, 0.5744, 0.5312, 0.4942, 0.4223, 0.3851, 0.3364]",0.29116150736808777,0.646346926689148,0,0,0,8,1.8469456434249878,7.139702320098877,0.13785681128501892,0.05512555316090584,0.30903491377830505,0.11614634096622467
model.layers.26.self_attn.k_proj.weight,"(512, 3584)","[0.6791, 0.5679, 0.5326, 0.5217, 0.4175, 0.4083, 0.3792, 0.3654, 0.3396, 0.3017, 0.2831, 0.1711, 0.1512, 0.0732, 0.039, 0.0177]","[0.9387, 0.9265, 0.9161, 0.9129, 0.8861, 0.8641, 0.8429, 0.7802, 0.7194, 0.6719, 0.6601, 0.6261, 0.5258, 0.5152, 0.4105, 0.2805]",0.32802316546440125,0.7173228859901428,0,4,0,9,2.303713798522949,8.849255561828613,0.14005984365940094,0.0508209653198719,0.30140239000320435,0.11589586734771729
model.layers.26.self_attn.o_proj.weight,"(3584, 3584)","[0.6866, 0.62, 0.5358, 0.464, 0.4403, 0.3438, 0.3277, 0.2847, 0.2563, 0.2212, 0.1995, 0.1546, 0.1394, 0.1075, 0.0791, 0.0335]","[0.9335, 0.9203, 0.9019, 0.8924, 0.8628, 0.8517, 0.8254, 0.8128, 0.7938, 0.7647, 0.755, 0.6528, 0.6399, 0.5894, 0.5123, 0.4177]",0.30586469173431396,0.7579100728034973,0,3,0,11,2.0752649307250977,9.545042037963867,0.0544736310839653,0.058438338339328766,0.11658191680908203,0.13464990258216858
model.layers.26.self_attn.q_proj.weight,"(3584, 3584)","[0.5036, 0.4762, 0.4338, 0.3833, 0.3475, 0.3155, 0.2823, 0.2412, 0.2309, 0.201, 0.1951, 0.1367, 0.1284, 0.0944, 0.0546, 0.0186]","[0.9163, 0.8954, 0.8841, 0.8746, 0.8665, 0.8408, 0.791, 0.7801, 0.7718, 0.7052, 0.6909, 0.6261, 0.6089, 0.5367, 0.4935, 0.3967]",0.25270429253578186,0.7299182415008545,0,1,0,10,1.3528562784194946,8.902129173278809,0.056027911603450775,0.056455280631780624,0.11553014814853668,0.12828703224658966
model.layers.26.self_attn.v_proj.weight,"(512, 3584)","[0.6985, 0.6274, 0.6132, 0.5804, 0.5447, 0.4929, 0.4496, 0.3809, 0.3369, 0.3217, 0.2937, 0.2623, 0.1898, 0.1814, 0.1307, 0.0296]","[0.9262, 0.9121, 0.9047, 0.8908, 0.8807, 0.8603, 0.8061, 0.7908, 0.7806, 0.75, 0.7377, 0.6963, 0.5948, 0.5544, 0.487, 0.4269]",0.3833502531051636,0.7499563097953796,0,3,0,11,2.9402003288269043,9.374002456665039,0.14838790893554688,0.05470789596438408,0.29812052845954895,0.11668659001588821
model.layers.27.self_attn.k_proj.weight,"(512, 3584)","[0.7022, 0.5944, 0.5296, 0.4923, 0.4723, 0.4415, 0.4052, 0.3471, 0.2612, 0.2157, 0.2089, 0.1741, 0.128, 0.1249, 0.0551, 0.0005]","[0.9246, 0.9191, 0.8921, 0.88, 0.8718, 0.8493, 0.8083, 0.7955, 0.7757, 0.7263, 0.7044, 0.6356, 0.6039, 0.5241, 0.4159, 0.1761]",0.32206061482429504,0.7189174890518188,0,2,1,11,2.2955174446105957,8.910070419311523,0.14962314069271088,0.05762029439210892,0.33223047852516174,0.1153692752122879
model.layers.27.self_attn.o_proj.weight,"(3584, 3584)","[0.7759, 0.7078, 0.5712, 0.4947, 0.4323, 0.3995, 0.3673, 0.3416, 0.3011, 0.2901, 0.2621, 0.2275, 0.1975, 0.1791, 0.1553, 0.0605]","[0.9714, 0.9503, 0.9281, 0.8992, 0.8757, 0.8686, 0.8295, 0.8243, 0.8014, 0.7968, 0.766, 0.7158, 0.7047, 0.6279, 0.5322, 0.5182]",0.36021116375923157,0.7881335616111755,0,3,2,13,2.66619610786438,10.224419593811035,0.054178085178136826,0.056425247341394424,0.11787727475166321,0.12568436563014984
model.layers.27.self_attn.q_proj.weight,"(3584, 3584)","[0.5423, 0.4323, 0.3956, 0.3841, 0.3682, 0.3085, 0.2873, 0.2652, 0.2369, 0.1796, 0.1627, 0.1469, 0.1016, 0.0948, 0.0671, 0.0532]","[0.8832, 0.8654, 0.8469, 0.8155, 0.7908, 0.773, 0.7561, 0.7086, 0.6677, 0.6381, 0.6079, 0.5758, 0.5348, 0.5138, 0.4862, 0.3648]",0.25163546204566956,0.6767950654029846,0,0,0,8,1.3316731452941895,7.6816558837890625,0.058811698108911514,0.05926596745848656,0.12444906681776047,0.12103301286697388
model.layers.27.self_attn.v_proj.weight,"(512, 3584)","[0.8642, 0.802, 0.7321, 0.7102, 0.6573, 0.6045, 0.559, 0.4933, 0.4472, 0.3884, 0.3599, 0.303, 0.2174, 0.1166, 0.098, 0.0407]","[0.9778, 0.9665, 0.9626, 0.955, 0.9393, 0.9193, 0.9074, 0.8974, 0.8833, 0.85, 0.8115, 0.7476, 0.693, 0.5501, 0.532, 0.5226]",0.46210652589797974,0.8197098970413208,0,7,4,12,4.427861213684082,11.1439790725708,0.14797057211399078,0.055994585156440735,0.3247494399547577,0.11753988265991211
model.layers.3.self_attn.k_proj.weight,"(512, 3584)","[0.7179, 0.6244, 0.5941, 0.5648, 0.5099, 0.4695, 0.4147, 0.3765, 0.3658, 0.2703, 0.2083, 0.1727, 0.1206, 0.0849, 0.0492, 0.0157]","[0.9764, 0.9738, 0.9706, 0.9663, 0.9638, 0.9469, 0.9414, 0.9215, 0.9037, 0.8637, 0.8408, 0.6781, 0.6704, 0.557, 0.4085, 0.3562]",0.3474620282649994,0.8087003827095032,0,9,1,11,2.6759517192840576,11.121362686157227,0.14475275576114655,0.055785249918699265,0.2929728925228119,0.12564457952976227
model.layers.3.self_attn.o_proj.weight,"(3584, 3584)","[0.4435, 0.3954, 0.3542, 0.3352, 0.2992, 0.2897, 0.2819, 0.2415, 0.2328, 0.2178, 0.1962, 0.1844, 0.1549, 0.1477, 0.1025, 0.0777]","[0.9238, 0.8956, 0.8943, 0.8811, 0.8626, 0.8513, 0.83, 0.8204, 0.8025, 0.787, 0.7596, 0.7241, 0.697, 0.6699, 0.6187, 0.4722]",0.2471606731414795,0.780633807182312,0,1,0,12,1.1386007070541382,9.967423439025879,0.05398447439074516,0.05445215478539467,0.11664766073226929,0.11775972694158554
model.layers.3.self_attn.q_proj.weight,"(3584, 3584)","[0.5224, 0.4778, 0.4171, 0.3984, 0.3737, 0.3307, 0.307, 0.2917, 0.2745, 0.25, 0.2184, 0.1853, 0.1141, 0.0754, 0.0467, 0.0283]","[0.9143, 0.9107, 0.8917, 0.8613, 0.8446, 0.8192, 0.8044, 0.7855, 0.7297, 0.7181, 0.672, 0.6336, 0.5145, 0.4738, 0.4283, 0.3727]",0.269461989402771,0.7108935117721558,0,2,0,10,1.5037885904312134,8.563399314880371,0.05656294524669647,0.06049676984548569,0.11394965648651123,0.1309107542037964
model.layers.3.self_attn.v_proj.weight,"(512, 3584)","[0.565, 0.5354, 0.4664, 0.4437, 0.4097, 0.375, 0.3613, 0.3261, 0.3051, 0.2872, 0.2796, 0.1983, 0.1901, 0.1748, 0.0854, 0.054]","[0.9303, 0.9262, 0.9226, 0.9069, 0.8874, 0.8813, 0.8672, 0.8376, 0.8283, 0.7846, 0.7627, 0.7471, 0.7008, 0.6728, 0.4796, 0.2759]",0.3160780072212219,0.7757049798965454,0,4,0,13,1.9356962442398071,10.10618782043457,0.1479499638080597,0.05737694352865219,0.3005482852458954,0.11984138190746307
model.layers.4.self_attn.k_proj.weight,"(512, 3584)","[0.7081, 0.5941, 0.5656, 0.5252, 0.505, 0.4503, 0.4066, 0.3404, 0.3114, 0.2792, 0.2466, 0.1829, 0.1728, 0.1577, 0.0563, 0.0097]","[0.9876, 0.98, 0.9777, 0.9758, 0.965, 0.945, 0.9172, 0.908, 0.9033, 0.8973, 0.8005, 0.7378, 0.6847, 0.6607, 0.5359, 0.3936]",0.3444989323616028,0.8293889164924622,0,9,1,12,2.516317367553711,11.487690925598145,0.13538086414337158,0.06278712302446365,0.27780312299728394,0.1323154866695404
model.layers.4.self_attn.o_proj.weight,"(3584, 3584)","[0.5901, 0.485, 0.4375, 0.4285, 0.4032, 0.382, 0.3105, 0.3093, 0.2824, 0.2508, 0.2475, 0.2015, 0.1907, 0.1359, 0.0835, 0.0021]","[0.9309, 0.9261, 0.9222, 0.9139, 0.8834, 0.8784, 0.8486, 0.841, 0.8351, 0.7992, 0.7552, 0.7243, 0.6791, 0.5764, 0.5109, 0.4974]",0.29628095030784607,0.7826135754585266,0,4,0,12,1.7652732133865356,10.121750831604004,0.053699642419815063,0.06192037835717201,0.11903826147317886,0.13548876345157623
model.layers.4.self_attn.q_proj.weight,"(3584, 3584)","[0.5131, 0.4881, 0.4496, 0.4306, 0.4128, 0.3861, 0.3454, 0.3252, 0.2737, 0.2535, 0.1965, 0.1902, 0.1502, 0.1119, 0.0342, 0.0037]","[0.9512, 0.9264, 0.9006, 0.8871, 0.883, 0.8588, 0.8295, 0.807, 0.7987, 0.7338, 0.7209, 0.6223, 0.611, 0.5781, 0.5392, 0.3888]",0.2853035032749176,0.7522644400596619,0,3,0,11,1.6838691234588623,9.450082778930664,0.05162323638796806,0.057877067476511,0.11209486424922943,0.13541916012763977
model.layers.4.self_attn.v_proj.weight,"(512, 3584)","[0.6167, 0.5321, 0.5157, 0.4949, 0.4383, 0.4175, 0.4012, 0.383, 0.3323, 0.3204, 0.2669, 0.2021, 0.174, 0.1476, 0.1104, 0.0765]","[0.9608, 0.9593, 0.9526, 0.9369, 0.9343, 0.923, 0.899, 0.8951, 0.8826, 0.8537, 0.8322, 0.7912, 0.6936, 0.559, 0.4848, 0.3892]",0.33935487270355225,0.8091968894004822,0,6,0,12,2.24367094039917,10.969030380249023,0.14359979331493378,0.05769957974553108,0.3382081091403961,0.12523074448108673
model.layers.5.self_attn.k_proj.weight,"(512, 3584)","[0.8146, 0.6033, 0.5705, 0.5001, 0.453, 0.4163, 0.3932, 0.3364, 0.3131, 0.284, 0.2271, 0.1488, 0.1378, 0.0949, 0.0554, 0.0018]","[0.9702, 0.9682, 0.9607, 0.9502, 0.9425, 0.9236, 0.9125, 0.9009, 0.8732, 0.8161, 0.787, 0.7421, 0.659, 0.5956, 0.4781, 0.405]",0.33439505100250244,0.8053106069564819,0,8,1,12,2.5329220294952393,10.870466232299805,0.14712487161159515,0.05652441084384918,0.325254887342453,0.12500564754009247
model.layers.5.self_attn.o_proj.weight,"(3584, 3584)","[0.6117, 0.5543, 0.4644, 0.4098, 0.3931, 0.3677, 0.3492, 0.3279, 0.3188, 0.2621, 0.2412, 0.223, 0.2055, 0.1805, 0.1609, 0.1397]","[0.9614, 0.956, 0.9519, 0.9385, 0.9271, 0.923, 0.9161, 0.8997, 0.8771, 0.8645, 0.8122, 0.7693, 0.7417, 0.7314, 0.6632, 0.5045]",0.32560330629348755,0.8398625254631042,0,7,0,14,1.9825668334960938,11.5331449508667,0.05667252093553543,0.052755773067474365,0.11973659694194794,0.12116018682718277
model.layers.5.self_attn.q_proj.weight,"(3584, 3584)","[0.5746, 0.4893, 0.4789, 0.4394, 0.3833, 0.3731, 0.3658, 0.3249, 0.3032, 0.2666, 0.2165, 0.1789, 0.1352, 0.1218, 0.069, 0.0151]","[0.9562, 0.9552, 0.9351, 0.9332, 0.912, 0.9063, 0.8862, 0.8709, 0.8461, 0.8059, 0.766, 0.7195, 0.6833, 0.5529, 0.5092, 0.3968]",0.29598742723464966,0.7896865010261536,0,6,0,12,1.7975658178329468,10.428363800048828,0.05377546697854996,0.055154718458652496,0.11405105143785477,0.1257523149251938
model.layers.5.self_attn.v_proj.weight,"(512, 3584)","[0.6754, 0.5631, 0.5263, 0.4832, 0.448, 0.4364, 0.4059, 0.3401, 0.3109, 0.2847, 0.2544, 0.2125, 0.2058, 0.1544, 0.1113, 0.0831]","[0.9701, 0.9671, 0.9575, 0.9538, 0.9423, 0.9366, 0.9278, 0.912, 0.9058, 0.8471, 0.8324, 0.7749, 0.708, 0.5534, 0.5315, 0.3831]",0.3434772491455078,0.818972110748291,0,9,0,13,2.3284175395965576,11.229009628295898,0.14476260542869568,0.06227510794997215,0.3182353377342224,0.14544303715229034
model.layers.6.self_attn.k_proj.weight,"(512, 3584)","[0.7662, 0.7031, 0.6688, 0.552, 0.4905, 0.474, 0.4541, 0.3714, 0.3028, 0.2838, 0.2284, 0.1904, 0.1737, 0.1059, 0.0779, 0.0014]","[0.9846, 0.9825, 0.982, 0.9705, 0.9681, 0.9621, 0.9608, 0.9478, 0.9362, 0.9051, 0.8383, 0.7923, 0.7108, 0.5865, 0.4729, 0.3783]",0.3652864694595337,0.8361742496490479,0,10,2,13,2.951143503189087,11.767399787902832,0.1521877646446228,0.05562300235033035,0.32716265320777893,0.11201108992099762
model.layers.6.self_attn.o_proj.weight,"(3584, 3584)","[0.5228, 0.4851, 0.4691, 0.4059, 0.381, 0.3237, 0.3156, 0.2966, 0.2763, 0.2574, 0.2335, 0.2285, 0.2097, 0.1931, 0.1698, 0.0805]","[0.9533, 0.948, 0.9395, 0.9254, 0.9175, 0.8919, 0.8869, 0.8693, 0.8383, 0.8265, 0.7903, 0.7681, 0.7156, 0.6623, 0.5459, 0.5278]",0.3030412495136261,0.8128946423530579,0,5,0,13,1.696882724761963,10.85331916809082,0.05332547426223755,0.05331757664680481,0.1274813711643219,0.11393462121486664
model.layers.6.self_attn.q_proj.weight,"(3584, 3584)","[0.5577, 0.4976, 0.494, 0.4729, 0.4429, 0.3904, 0.3809, 0.348, 0.2807, 0.2697, 0.2071, 0.1845, 0.1483, 0.1252, 0.0749, 0.0268]","[0.9484, 0.9295, 0.9134, 0.8973, 0.8744, 0.868, 0.8258, 0.8161, 0.7947, 0.706, 0.6838, 0.6169, 0.598, 0.5727, 0.5152, 0.299]",0.30635082721710205,0.741193413734436,0,3,0,10,1.913541316986084,9.287240028381348,0.057284168899059296,0.05556487292051315,0.11475630849599838,0.12282512336969376
model.layers.6.self_attn.v_proj.weight,"(512, 3584)","[0.6774, 0.5478, 0.5232, 0.4982, 0.4824, 0.4416, 0.4097, 0.3856, 0.3484, 0.3144, 0.2852, 0.231, 0.2283, 0.183, 0.1252, 0.064]","[0.9672, 0.9631, 0.9548, 0.9454, 0.9377, 0.9257, 0.9211, 0.918, 0.8961, 0.8951, 0.8534, 0.7751, 0.7536, 0.6963, 0.4782, 0.3775]",0.35909536480903625,0.8286500573158264,0,8,0,13,2.485531806945801,11.453177452087402,0.15260450541973114,0.05650675669312477,0.3075190782546997,0.1201171949505806
model.layers.7.self_attn.k_proj.weight,"(512, 3584)","[0.758, 0.7078, 0.6754, 0.6358, 0.596, 0.5131, 0.4497, 0.3729, 0.3597, 0.3205, 0.2748, 0.2294, 0.2094, 0.1639, 0.0896, 0.038]","[0.9853, 0.9807, 0.9787, 0.9708, 0.9663, 0.9579, 0.944, 0.9275, 0.9177, 0.869, 0.8112, 0.766, 0.6614, 0.5699, 0.4979, 0.3839]",0.3996239900588989,0.8242615461349487,0,9,2,12,3.336186647415161,11.4352445602417,0.15148907899856567,0.0546024851500988,0.33357906341552734,0.11269117891788483
model.layers.7.self_attn.o_proj.weight,"(3584, 3584)","[0.522, 0.4879, 0.4565, 0.4265, 0.3823, 0.3638, 0.3403, 0.3129, 0.2937, 0.2744, 0.2419, 0.2009, 0.1963, 0.1768, 0.1431, 0.0642]","[0.9437, 0.9328, 0.9221, 0.9115, 0.9019, 0.8841, 0.8701, 0.8639, 0.8142, 0.7985, 0.781, 0.7338, 0.6644, 0.6452, 0.5864, 0.5189]",0.3052166700363159,0.7982850670814514,0,5,0,12,1.7478495836257935,10.460101127624512,0.05430002138018608,0.053789470344781876,0.11060862243175507,0.11707287281751633
model.layers.7.self_attn.q_proj.weight,"(3584, 3584)","[0.6131, 0.5668, 0.4938, 0.4655, 0.4493, 0.3827, 0.3655, 0.3202, 0.307, 0.265, 0.233, 0.1839, 0.1629, 0.1419, 0.064, 0.0341]","[0.946, 0.939, 0.9245, 0.9191, 0.9032, 0.8599, 0.8455, 0.8152, 0.7384, 0.719, 0.686, 0.6639, 0.6359, 0.5147, 0.4438, 0.3644]",0.31554099917411804,0.7449049949645996,0,5,0,10,2.0466086864471436,9.383275032043457,0.05616060271859169,0.05511793494224548,0.12090887874364853,0.11427222192287445
model.layers.7.self_attn.v_proj.weight,"(512, 3584)","[0.6704, 0.5902, 0.5298, 0.5145, 0.4896, 0.4527, 0.4091, 0.4052, 0.3674, 0.3479, 0.323, 0.2577, 0.2421, 0.1859, 0.1387, 0.1207]","[0.9571, 0.9555, 0.9496, 0.9409, 0.9332, 0.9262, 0.916, 0.9018, 0.8916, 0.8791, 0.8321, 0.8074, 0.7875, 0.6646, 0.5103, 0.4161]",0.37781065702438354,0.8293187022209167,0,8,0,13,2.6731464862823486,11.404671669006348,0.15482306480407715,0.05886676535010338,0.33173036575317383,0.12453846633434296
model.layers.8.self_attn.k_proj.weight,"(512, 3584)","[0.6599, 0.5989, 0.5281, 0.4783, 0.4579, 0.4217, 0.4018, 0.3673, 0.2976, 0.2731, 0.2303, 0.1903, 0.1314, 0.1011, 0.0634, 0.0249]","[0.9852, 0.9771, 0.9675, 0.9652, 0.9571, 0.935, 0.9133, 0.9029, 0.8705, 0.8081, 0.7781, 0.7345, 0.6965, 0.6026, 0.4941, 0.385]",0.3266090154647827,0.8107964396476746,0,8,0,12,2.269947052001953,11.028972625732422,0.15462981164455414,0.055824797600507736,0.3050368130207062,0.11834600567817688
model.layers.8.self_attn.o_proj.weight,"(3584, 3584)","[0.5891, 0.5429, 0.4598, 0.4296, 0.3769, 0.3724, 0.3431, 0.3058, 0.282, 0.2632, 0.2126, 0.2036, 0.1666, 0.1384, 0.0729, 0.0447]","[0.9585, 0.9333, 0.9167, 0.8919, 0.8828, 0.8557, 0.8316, 0.8212, 0.8039, 0.7682, 0.7655, 0.7059, 0.6476, 0.5242, 0.4941, 0.4188]",0.30021578073501587,0.7637445330619812,0,3,0,12,1.8192991018295288,9.737503051757812,0.0576242059469223,0.05938859283924103,0.12758363783359528,0.12395820021629333
model.layers.8.self_attn.q_proj.weight,"(3584, 3584)","[0.4703, 0.4488, 0.4263, 0.3961, 0.3824, 0.3402, 0.3036, 0.2759, 0.263, 0.2399, 0.1631, 0.1555, 0.1267, 0.0937, 0.0806, 0.0337]","[0.9444, 0.9376, 0.9089, 0.9018, 0.8877, 0.8755, 0.8328, 0.8212, 0.793, 0.7806, 0.6968, 0.6809, 0.596, 0.5636, 0.4457, 0.3827]",0.262485533952713,0.7530633211135864,0,4,0,10,1.4014288187026978,9.537796020507812,0.05422227829694748,0.05820058286190033,0.12444431334733963,0.13918310403823853
model.layers.8.self_attn.v_proj.weight,"(512, 3584)","[0.6339, 0.5635, 0.5127, 0.4904, 0.441, 0.398, 0.3821, 0.3505, 0.3307, 0.317, 0.2567, 0.2327, 0.1992, 0.1621, 0.1089, 0.075]","[0.961, 0.9583, 0.9463, 0.9394, 0.9271, 0.9114, 0.8962, 0.8922, 0.8694, 0.8589, 0.8309, 0.7812, 0.7065, 0.5888, 0.5243, 0.4351]",0.3409019410610199,0.8141962885856628,0,6,0,13,2.257784605026245,11.013649940490723,0.149269238114357,0.056986644864082336,0.39311373233795166,0.1263093799352646
model.layers.9.self_attn.k_proj.weight,"(512, 3584)","[0.8084, 0.7228, 0.6581, 0.6283, 0.5615, 0.5323, 0.4932, 0.4452, 0.4062, 0.3337, 0.3045, 0.2482, 0.1548, 0.1227, 0.068, 0.0066]","[0.9716, 0.9666, 0.9538, 0.9444, 0.9287, 0.9113, 0.8774, 0.8193, 0.781, 0.6906, 0.6371, 0.6346, 0.5805, 0.4975, 0.462, 0.3668]",0.40588945150375366,0.7514463067054749,0,6,2,9,3.5181100368499756,9.641900062561035,0.1324475258588791,0.053633470088243484,0.3094487190246582,0.11584589630365372
model.layers.9.self_attn.o_proj.weight,"(3584, 3584)","[0.5801, 0.4627, 0.433, 0.3846, 0.3513, 0.3299, 0.2998, 0.2791, 0.249, 0.2204, 0.1605, 0.1535, 0.1321, 0.1084, 0.102, 0.0297]","[0.9444, 0.928, 0.9227, 0.9096, 0.8982, 0.886, 0.8733, 0.8593, 0.8358, 0.8342, 0.7891, 0.7614, 0.76, 0.6411, 0.5947, 0.5808]",0.26725703477859497,0.8136531710624695,0,4,0,13,1.486435890197754,10.800832748413086,0.057514604181051254,0.05806777998805046,0.12022703140974045,0.12238729745149612
model.layers.9.self_attn.q_proj.weight,"(3584, 3584)","[0.6216, 0.5668, 0.5561, 0.4954, 0.454, 0.4176, 0.4136, 0.3685, 0.3589, 0.3197, 0.2715, 0.2079, 0.1614, 0.1399, 0.0697, 0.0477]","[0.9343, 0.9277, 0.9187, 0.9026, 0.8613, 0.8392, 0.8263, 0.8022, 0.7713, 0.6729, 0.6435, 0.5485, 0.5342, 0.4875, 0.4451, 0.3854]",0.3418973982334137,0.7187950015068054,0,4,0,9,2.350417137145996,8.796957015991211,0.05830218642950058,0.05083959177136421,0.1361181139945984,0.12112807482481003
model.layers.9.self_attn.v_proj.weight,"(512, 3584)","[0.6491, 0.5886, 0.5371, 0.4902, 0.4557, 0.4351, 0.4039, 0.3703, 0.3139, 0.2994, 0.2621, 0.2427, 0.1914, 0.1574, 0.0859, 0.0468]","[0.965, 0.9638, 0.9559, 0.951, 0.9394, 0.9307, 0.926, 0.9084, 0.8952, 0.8675, 0.833, 0.8142, 0.6454, 0.6122, 0.494, 0.4413]",0.34560567140579224,0.8214281797409058,0,8,0,12,2.3805906772613525,11.250272750854492,0.1477278620004654,0.052751120179891586,0.3391011655330658,0.1233341321349144
