name,layer,module,shape,dtype,base_fro,diff_fro,rel_fro,diff_absmax,n_changed_frac
lm_head.weight,,lm_head,152064x3584,torch.bfloat16,252.6208953857422,0.0,0.0,0.0,0.0
model.embed_tokens.weight,,embed_tokens,152064x3584,torch.bfloat16,285.3244323730469,0.0,0.0,0.0,0.0
model.layers.0.input_layernorm.weight,0,input_layernorm,3584,torch.bfloat16,17.0172061920166,0.0,0.0,0.0,0.0
model.layers.0.mlp.down_proj.weight,0,down_proj,3584x18944,torch.bfloat16,114.60125732421875,0.0,0.0,0.0,0.0
model.layers.0.mlp.gate_proj.weight,0,gate_proj,18944x3584,torch.bfloat16,125.9569320678711,0.0,0.0,0.0,0.0
model.layers.0.mlp.up_proj.weight,0,up_proj,18944x3584,torch.bfloat16,108.0264663696289,0.0,0.0,0.0,0.0
model.layers.0.post_attention_layernorm.weight,0,post_attention_layernorm,3584,torch.bfloat16,16.737714767456055,0.0,0.0,0.0,0.0
model.layers.0.self_attn.k_proj.bias,0,k_proj,512,torch.bfloat16,604.6566162109375,0.0,0.0,0.0,0.0
model.layers.0.self_attn.k_proj.weight,0,k_proj,512x3584,torch.bfloat16,37.19898223876953,0.0,0.0,0.0,0.0
model.layers.0.self_attn.o_proj.weight,0,o_proj,3584x3584,torch.bfloat16,44.56557846069336,0.0,0.0,0.0,0.0
model.layers.0.self_attn.q_proj.bias,0,q_proj,3584,torch.bfloat16,177.5105743408203,0.0,0.0,0.0,0.0
model.layers.0.self_attn.q_proj.weight,0,q_proj,3584x3584,torch.bfloat16,74.50946044921875,0.0,0.0,0.0,0.0
model.layers.0.self_attn.v_proj.bias,0,v_proj,512,torch.bfloat16,4.333022117614746,0.0,0.0,0.0,0.0
model.layers.0.self_attn.v_proj.weight,0,v_proj,512x3584,torch.bfloat16,12.190473556518555,0.0,0.0,0.0,0.0
model.layers.1.input_layernorm.weight,1,input_layernorm,3584,torch.bfloat16,12.363101959228516,0.0,0.0,0.0,0.0
model.layers.1.mlp.down_proj.weight,1,down_proj,3584x18944,torch.bfloat16,100.82929229736328,0.0,0.0,0.0,0.0
model.layers.1.mlp.gate_proj.weight,1,gate_proj,18944x3584,torch.bfloat16,122.61356353759766,0.0,0.0,0.0,0.0
model.layers.1.mlp.up_proj.weight,1,up_proj,18944x3584,torch.bfloat16,100.75936889648438,0.0,0.0,0.0,0.0
model.layers.1.post_attention_layernorm.weight,1,post_attention_layernorm,3584,torch.bfloat16,46.6443977355957,0.0,0.0,0.0,0.0
model.layers.1.self_attn.k_proj.bias,1,k_proj,512,torch.bfloat16,158.273681640625,0.0,0.0,0.0,0.0
model.layers.1.self_attn.k_proj.weight,1,k_proj,512x3584,torch.bfloat16,29.88985252380371,0.0,0.0,0.0,0.0
model.layers.1.self_attn.o_proj.weight,1,o_proj,3584x3584,torch.bfloat16,51.73581314086914,0.0,0.0,0.0,0.0
model.layers.1.self_attn.q_proj.bias,1,q_proj,3584,torch.bfloat16,57.64816665649414,0.0,0.0,0.0,0.0
model.layers.1.self_attn.q_proj.weight,1,q_proj,3584x3584,torch.bfloat16,56.71851348876953,0.0,0.0,0.0,0.0
model.layers.1.self_attn.v_proj.bias,1,v_proj,512,torch.bfloat16,2.000793933868408,0.0,0.0,0.0,0.0
model.layers.1.self_attn.v_proj.weight,1,v_proj,512x3584,torch.bfloat16,18.311481475830078,0.0,0.0,0.0,0.0
model.layers.10.input_layernorm.weight,10,input_layernorm,3584,torch.bfloat16,42.24624252319336,0.0,0.0,0.0,0.0
model.layers.10.mlp.down_proj.weight,10,down_proj,3584x18944,torch.bfloat16,131.48724365234375,0.0,0.0,0.0,0.0
model.layers.10.mlp.gate_proj.weight,10,gate_proj,18944x3584,torch.bfloat16,140.71839904785156,0.0,0.0,0.0,0.0
model.layers.10.mlp.up_proj.weight,10,up_proj,18944x3584,torch.bfloat16,132.2545928955078,0.0,0.0,0.0,0.0
model.layers.10.post_attention_layernorm.weight,10,post_attention_layernorm,3584,torch.bfloat16,49.37974548339844,0.0,0.0,0.0,0.0
model.layers.10.self_attn.k_proj.bias,10,k_proj,512,torch.bfloat16,16.832687377929688,0.0,0.0,0.0,0.0
model.layers.10.self_attn.k_proj.weight,10,k_proj,512x3584,torch.bfloat16,27.07599639892578,0.0,0.0,0.0,0.0
model.layers.10.self_attn.o_proj.weight,10,o_proj,3584x3584,torch.bfloat16,57.00468444824219,0.0,0.0,0.0,0.0
model.layers.10.self_attn.q_proj.bias,10,q_proj,3584,torch.bfloat16,107.61357879638672,0.0,0.0,0.0,0.0
model.layers.10.self_attn.q_proj.weight,10,q_proj,3584x3584,torch.bfloat16,63.446022033691406,0.0,0.0,0.0,0.0
model.layers.10.self_attn.v_proj.bias,10,v_proj,512,torch.bfloat16,2.317438840866089,0.0,0.0,0.0,0.0
model.layers.10.self_attn.v_proj.weight,10,v_proj,512x3584,torch.bfloat16,22.328857421875,0.0,0.0,0.0,0.0
model.layers.11.input_layernorm.weight,11,input_layernorm,3584,torch.bfloat16,47.12969970703125,0.0,0.0,0.0,0.0
model.layers.11.mlp.down_proj.weight,11,down_proj,3584x18944,torch.bfloat16,133.16676330566406,0.0,0.0,0.0,0.0
model.layers.11.mlp.gate_proj.weight,11,gate_proj,18944x3584,torch.bfloat16,137.9629364013672,0.0,0.0,0.0,0.0
model.layers.11.mlp.up_proj.weight,11,up_proj,18944x3584,torch.bfloat16,134.524169921875,0.0,0.0,0.0,0.0
model.layers.11.post_attention_layernorm.weight,11,post_attention_layernorm,3584,torch.bfloat16,49.879119873046875,0.0,0.0,0.0,0.0
model.layers.11.self_attn.k_proj.bias,11,k_proj,512,torch.bfloat16,14.667559623718262,0.0,0.0,0.0,0.0
model.layers.11.self_attn.k_proj.weight,11,k_proj,512x3584,torch.bfloat16,28.02546501159668,0.0,0.0,0.0,0.0
model.layers.11.self_attn.o_proj.weight,11,o_proj,3584x3584,torch.bfloat16,55.2630500793457,0.0,0.0,0.0,0.0
model.layers.11.self_attn.q_proj.bias,11,q_proj,3584,torch.bfloat16,114.61936950683594,0.0,0.0,0.0,0.0
model.layers.11.self_attn.q_proj.weight,11,q_proj,3584x3584,torch.bfloat16,64.20941925048828,0.0,0.0,0.0,0.0
model.layers.11.self_attn.v_proj.bias,11,v_proj,512,torch.bfloat16,1.653372883796692,0.0,0.0,0.0,0.0
model.layers.11.self_attn.v_proj.weight,11,v_proj,512x3584,torch.bfloat16,19.79438018798828,0.0,0.0,0.0,0.0
model.layers.12.input_layernorm.weight,12,input_layernorm,3584,torch.bfloat16,54.82129669189453,0.0,0.0,0.0,0.0
model.layers.12.mlp.down_proj.weight,12,down_proj,3584x18944,torch.bfloat16,134.86900329589844,0.0,0.0,0.0,0.0
model.layers.12.mlp.gate_proj.weight,12,gate_proj,18944x3584,torch.bfloat16,135.5494384765625,0.0,0.0,0.0,0.0
model.layers.12.mlp.up_proj.weight,12,up_proj,18944x3584,torch.bfloat16,135.9744873046875,0.0,0.0,0.0,0.0
model.layers.12.post_attention_layernorm.weight,12,post_attention_layernorm,3584,torch.bfloat16,49.13087463378906,0.0,0.0,0.0,0.0
model.layers.12.self_attn.k_proj.bias,12,k_proj,512,torch.bfloat16,25.71873664855957,0.0,0.0,0.0,0.0
model.layers.12.self_attn.k_proj.weight,12,k_proj,512x3584,torch.bfloat16,26.824262619018555,0.0,0.0,0.0,0.0
model.layers.12.self_attn.o_proj.weight,12,o_proj,3584x3584,torch.bfloat16,55.58864974975586,0.0,0.0,0.0,0.0
model.layers.12.self_attn.q_proj.bias,12,q_proj,3584,torch.bfloat16,88.08363342285156,0.0,0.0,0.0,0.0
model.layers.12.self_attn.q_proj.weight,12,q_proj,3584x3584,torch.bfloat16,62.248077392578125,0.0,0.0,0.0,0.0
model.layers.12.self_attn.v_proj.bias,12,v_proj,512,torch.bfloat16,1.7421482801437378,0.0,0.0,0.0,0.0
model.layers.12.self_attn.v_proj.weight,12,v_proj,512x3584,torch.bfloat16,20.58383560180664,0.0,0.0,0.0,0.0
model.layers.13.input_layernorm.weight,13,input_layernorm,3584,torch.bfloat16,58.46418380737305,0.0,0.0,0.0,0.0
model.layers.13.mlp.down_proj.weight,13,down_proj,3584x18944,torch.bfloat16,132.7661590576172,0.0,0.0,0.0,0.0
model.layers.13.mlp.gate_proj.weight,13,gate_proj,18944x3584,torch.bfloat16,138.33941650390625,0.0,0.0,0.0,0.0
model.layers.13.mlp.up_proj.weight,13,up_proj,18944x3584,torch.bfloat16,134.4014129638672,0.0,0.0,0.0,0.0
model.layers.13.post_attention_layernorm.weight,13,post_attention_layernorm,3584,torch.bfloat16,49.37841796875,0.0,0.0,0.0,0.0
model.layers.13.self_attn.k_proj.bias,13,k_proj,512,torch.bfloat16,62.11220932006836,0.0,0.0,0.0,0.0
model.layers.13.self_attn.k_proj.weight,13,k_proj,512x3584,torch.bfloat16,25.605587005615234,0.0,0.0,0.0,0.0
model.layers.13.self_attn.o_proj.weight,13,o_proj,3584x3584,torch.bfloat16,57.490684509277344,0.0,0.0,0.0,0.0
model.layers.13.self_attn.q_proj.bias,13,q_proj,3584,torch.bfloat16,77.86427307128906,0.0,0.0,0.0,0.0
model.layers.13.self_attn.q_proj.weight,13,q_proj,3584x3584,torch.bfloat16,61.010520935058594,0.0,0.0,0.0,0.0
model.layers.13.self_attn.v_proj.bias,13,v_proj,512,torch.bfloat16,0.8435591459274292,0.0,0.0,0.0,0.0
model.layers.13.self_attn.v_proj.weight,13,v_proj,512x3584,torch.bfloat16,22.4603214263916,0.0,0.0,0.0,0.0
model.layers.14.input_layernorm.weight,14,input_layernorm,3584,torch.bfloat16,63.546268463134766,0.0,0.0,0.0,0.0
model.layers.14.mlp.down_proj.weight,14,down_proj,3584x18944,torch.bfloat16,133.95664978027344,0.0,0.0,0.0,0.0
model.layers.14.mlp.gate_proj.weight,14,gate_proj,18944x3584,torch.bfloat16,135.9489288330078,0.0,0.0,0.0,0.0
model.layers.14.mlp.up_proj.weight,14,up_proj,18944x3584,torch.bfloat16,135.40969848632812,0.0,0.0,0.0,0.0
model.layers.14.post_attention_layernorm.weight,14,post_attention_layernorm,3584,torch.bfloat16,51.23768615722656,0.0,0.0,0.0,0.0
model.layers.14.self_attn.k_proj.bias,14,k_proj,512,torch.bfloat16,22.05521583557129,0.0,0.0,0.0,0.0
model.layers.14.self_attn.k_proj.weight,14,k_proj,512x3584,torch.bfloat16,25.308452606201172,0.0,0.0,0.0,0.0
model.layers.14.self_attn.o_proj.weight,14,o_proj,3584x3584,torch.bfloat16,54.586673736572266,0.0,0.0,0.0,0.0
model.layers.14.self_attn.q_proj.bias,14,q_proj,3584,torch.bfloat16,85.22459411621094,0.0,0.0,0.0,0.0
model.layers.14.self_attn.q_proj.weight,14,q_proj,3584x3584,torch.bfloat16,59.85979080200195,0.0,0.0,0.0,0.0
model.layers.14.self_attn.v_proj.bias,14,v_proj,512,torch.bfloat16,2.0026698112487793,0.0,0.0,0.0,0.0
model.layers.14.self_attn.v_proj.weight,14,v_proj,512x3584,torch.bfloat16,19.7587947845459,0.0,0.0,0.0,0.0
model.layers.15.input_layernorm.weight,15,input_layernorm,3584,torch.bfloat16,53.99984359741211,0.0,0.0,0.0,0.0
model.layers.15.mlp.down_proj.weight,15,down_proj,3584x18944,torch.bfloat16,134.9676513671875,0.0,0.0,0.0,0.0
model.layers.15.mlp.gate_proj.weight,15,gate_proj,18944x3584,torch.bfloat16,134.334228515625,0.0,0.0,0.0,0.0
model.layers.15.mlp.up_proj.weight,15,up_proj,18944x3584,torch.bfloat16,136.9013214111328,0.0,0.0,0.0,0.0
model.layers.15.post_attention_layernorm.weight,15,post_attention_layernorm,3584,torch.bfloat16,51.83001708984375,0.0,0.0,0.0,0.0
model.layers.15.self_attn.k_proj.bias,15,k_proj,512,torch.bfloat16,33.996070861816406,0.0,0.0,0.0,0.0
model.layers.15.self_attn.k_proj.weight,15,k_proj,512x3584,torch.bfloat16,26.498058319091797,0.0,0.0,0.0,0.0
model.layers.15.self_attn.o_proj.weight,15,o_proj,3584x3584,torch.bfloat16,55.3022575378418,0.0,0.0,0.0,0.0
model.layers.15.self_attn.q_proj.bias,15,q_proj,3584,torch.bfloat16,99.44635772705078,0.0,0.0,0.0,0.0
model.layers.15.self_attn.q_proj.weight,15,q_proj,3584x3584,torch.bfloat16,62.1768798828125,0.0,0.0,0.0,0.0
model.layers.15.self_attn.v_proj.bias,15,v_proj,512,torch.bfloat16,1.3978468179702759,0.0,0.0,0.0,0.0
model.layers.15.self_attn.v_proj.weight,15,v_proj,512x3584,torch.bfloat16,20.84438705444336,0.0,0.0,0.0,0.0
model.layers.16.input_layernorm.weight,16,input_layernorm,3584,torch.bfloat16,67.4827651977539,0.0,0.0,0.0,0.0
model.layers.16.mlp.down_proj.weight,16,down_proj,3584x18944,torch.bfloat16,134.11846923828125,0.0,0.0,0.0,0.0
model.layers.16.mlp.gate_proj.weight,16,gate_proj,18944x3584,torch.bfloat16,134.15736389160156,0.0,0.0,0.0,0.0
model.layers.16.mlp.up_proj.weight,16,up_proj,18944x3584,torch.bfloat16,136.6593017578125,0.0,0.0,0.0,0.0
model.layers.16.post_attention_layernorm.weight,16,post_attention_layernorm,3584,torch.bfloat16,53.65161895751953,0.0,0.0,0.0,0.0
model.layers.16.self_attn.k_proj.bias,16,k_proj,512,torch.bfloat16,30.36789321899414,0.0,0.0,0.0,0.0
model.layers.16.self_attn.k_proj.weight,16,k_proj,512x3584,torch.bfloat16,23.770418167114258,0.0,0.0,0.0,0.0
model.layers.16.self_attn.o_proj.weight,16,o_proj,3584x3584,torch.bfloat16,57.12744140625,0.0,0.0,0.0,0.0
model.layers.16.self_attn.q_proj.bias,16,q_proj,3584,torch.bfloat16,71.73516845703125,0.0,0.0,0.0,0.0
model.layers.16.self_attn.q_proj.weight,16,q_proj,3584x3584,torch.bfloat16,59.471405029296875,0.0,0.0,0.0,0.0
model.layers.16.self_attn.v_proj.bias,16,v_proj,512,torch.bfloat16,1.0976611375808716,0.0,0.0,0.0,0.0
model.layers.16.self_attn.v_proj.weight,16,v_proj,512x3584,torch.bfloat16,22.406259536743164,0.0,0.0,0.0,0.0
model.layers.17.input_layernorm.weight,17,input_layernorm,3584,torch.bfloat16,69.11229705810547,0.0,0.0,0.0,0.0
model.layers.17.mlp.down_proj.weight,17,down_proj,3584x18944,torch.bfloat16,134.33287048339844,0.0,0.0,0.0,0.0
model.layers.17.mlp.gate_proj.weight,17,gate_proj,18944x3584,torch.bfloat16,132.8008575439453,0.0,0.0,0.0,0.0
model.layers.17.mlp.up_proj.weight,17,up_proj,18944x3584,torch.bfloat16,137.4358367919922,0.0,0.0,0.0,0.0
model.layers.17.post_attention_layernorm.weight,17,post_attention_layernorm,3584,torch.bfloat16,55.21399688720703,0.0,0.0,0.0,0.0
model.layers.17.self_attn.k_proj.bias,17,k_proj,512,torch.bfloat16,22.611740112304688,0.0,0.0,0.0,0.0
model.layers.17.self_attn.k_proj.weight,17,k_proj,512x3584,torch.bfloat16,24.23771858215332,0.0,0.0,0.0,0.0
model.layers.17.self_attn.o_proj.weight,17,o_proj,3584x3584,torch.bfloat16,56.83274841308594,0.0,0.0,0.0,0.0
model.layers.17.self_attn.q_proj.bias,17,q_proj,3584,torch.bfloat16,77.7809066772461,0.0,0.0,0.0,0.0
model.layers.17.self_attn.q_proj.weight,17,q_proj,3584x3584,torch.bfloat16,61.21364974975586,0.0,0.0,0.0,0.0
model.layers.17.self_attn.v_proj.bias,17,v_proj,512,torch.bfloat16,1.3794001340866089,0.0,0.0,0.0,0.0
model.layers.17.self_attn.v_proj.weight,17,v_proj,512x3584,torch.bfloat16,22.07790756225586,0.0,0.0,0.0,0.0
model.layers.18.input_layernorm.weight,18,input_layernorm,3584,torch.bfloat16,66.10709381103516,0.0,0.0,0.0,0.0
model.layers.18.mlp.down_proj.weight,18,down_proj,3584x18944,torch.bfloat16,136.90432739257812,0.0,0.0,0.0,0.0
model.layers.18.mlp.gate_proj.weight,18,gate_proj,18944x3584,torch.bfloat16,132.34999084472656,0.0,0.0,0.0,0.0
model.layers.18.mlp.up_proj.weight,18,up_proj,18944x3584,torch.bfloat16,139.77610778808594,0.0,0.0,0.0,0.0
model.layers.18.post_attention_layernorm.weight,18,post_attention_layernorm,3584,torch.bfloat16,55.72322463989258,0.0,0.0,0.0,0.0
model.layers.18.self_attn.k_proj.bias,18,k_proj,512,torch.bfloat16,21.95378875732422,0.0,0.0,0.0,0.0
model.layers.18.self_attn.k_proj.weight,18,k_proj,512x3584,torch.bfloat16,23.11329460144043,0.0,0.0,0.0,0.0
model.layers.18.self_attn.o_proj.weight,18,o_proj,3584x3584,torch.bfloat16,60.77348327636719,0.0,0.0,0.0,0.0
model.layers.18.self_attn.q_proj.bias,18,q_proj,3584,torch.bfloat16,148.18801879882812,0.0,0.0,0.0,0.0
model.layers.18.self_attn.q_proj.weight,18,q_proj,3584x3584,torch.bfloat16,57.727108001708984,0.0,0.0,0.0,0.0
model.layers.18.self_attn.v_proj.bias,18,v_proj,512,torch.bfloat16,1.5182030200958252,0.0,0.0,0.0,0.0
model.layers.18.self_attn.v_proj.weight,18,v_proj,512x3584,torch.bfloat16,24.89302635192871,0.0,0.0,0.0,0.0
model.layers.19.input_layernorm.weight,19,input_layernorm,3584,torch.bfloat16,65.07389831542969,0.0,0.0,0.0,0.0
model.layers.19.mlp.down_proj.weight,19,down_proj,3584x18944,torch.bfloat16,136.16038513183594,0.0,0.0,0.0,0.0
model.layers.19.mlp.gate_proj.weight,19,gate_proj,18944x3584,torch.bfloat16,134.13619995117188,0.0,0.0,0.0,0.0
model.layers.19.mlp.up_proj.weight,19,up_proj,18944x3584,torch.bfloat16,139.46250915527344,0.0,0.0,0.0,0.0
model.layers.19.post_attention_layernorm.weight,19,post_attention_layernorm,3584,torch.bfloat16,58.32222366333008,0.0,0.0,0.0,0.0
model.layers.19.self_attn.k_proj.bias,19,k_proj,512,torch.bfloat16,57.77132034301758,0.0,0.0,0.0,0.0
model.layers.19.self_attn.k_proj.weight,19,k_proj,512x3584,torch.bfloat16,21.27993392944336,0.0,0.0,0.0,0.0
model.layers.19.self_attn.o_proj.weight,19,o_proj,3584x3584,torch.bfloat16,59.55854797363281,0.0,0.0,0.0,0.0
model.layers.19.self_attn.q_proj.bias,19,q_proj,3584,torch.bfloat16,170.79537963867188,0.0,0.0,0.0,0.0
model.layers.19.self_attn.q_proj.weight,19,q_proj,3584x3584,torch.bfloat16,57.36650848388672,0.0,0.0,0.0,0.0
model.layers.19.self_attn.v_proj.bias,19,v_proj,512,torch.bfloat16,3.296734094619751,0.0,0.0,0.0,0.0
model.layers.19.self_attn.v_proj.weight,19,v_proj,512x3584,torch.bfloat16,25.054658889770508,0.0,0.0,0.0,0.0
model.layers.2.input_layernorm.weight,2,input_layernorm,3584,torch.bfloat16,26.16549301147461,0.0,0.0,0.0,0.0
model.layers.2.mlp.down_proj.weight,2,down_proj,3584x18944,torch.bfloat16,114.77550506591797,0.0,0.0,0.0,0.0
model.layers.2.mlp.gate_proj.weight,2,gate_proj,18944x3584,torch.bfloat16,137.99209594726562,0.0,0.0,0.0,0.0
model.layers.2.mlp.up_proj.weight,2,up_proj,18944x3584,torch.bfloat16,111.89690399169922,0.0,0.0,0.0,0.0
model.layers.2.post_attention_layernorm.weight,2,post_attention_layernorm,3584,torch.bfloat16,47.727813720703125,0.0,0.0,0.0,0.0
model.layers.2.self_attn.k_proj.bias,2,k_proj,512,torch.bfloat16,64.38502502441406,0.0,0.0,0.0,0.0
model.layers.2.self_attn.k_proj.weight,2,k_proj,512x3584,torch.bfloat16,31.770132064819336,0.0,0.0,0.0,0.0
model.layers.2.self_attn.o_proj.weight,2,o_proj,3584x3584,torch.bfloat16,50.620033264160156,0.0,0.0,0.0,0.0
model.layers.2.self_attn.q_proj.bias,2,q_proj,3584,torch.bfloat16,58.40727615356445,0.0,0.0,0.0,0.0
model.layers.2.self_attn.q_proj.weight,2,q_proj,3584x3584,torch.bfloat16,65.34935760498047,0.0,0.0,0.0,0.0
model.layers.2.self_attn.v_proj.bias,2,v_proj,512,torch.bfloat16,1.252776026725769,0.0,0.0,0.0,0.0
model.layers.2.self_attn.v_proj.weight,2,v_proj,512x3584,torch.bfloat16,14.764898300170898,0.0,0.0,0.0,0.0
model.layers.20.input_layernorm.weight,20,input_layernorm,3584,torch.bfloat16,63.382022857666016,0.0,0.0,0.0,0.0
model.layers.20.mlp.down_proj.weight,20,down_proj,3584x18944,torch.bfloat16,136.98927307128906,0.0,0.0,0.0,0.0
model.layers.20.mlp.gate_proj.weight,20,gate_proj,18944x3584,torch.bfloat16,133.6063232421875,0.0,0.0,0.0,0.0
model.layers.20.mlp.up_proj.weight,20,up_proj,18944x3584,torch.bfloat16,140.1681671142578,0.0,0.0,0.0,0.0
model.layers.20.post_attention_layernorm.weight,20,post_attention_layernorm,3584,torch.bfloat16,60.90281677246094,0.0,0.0,0.0,0.0
model.layers.20.self_attn.k_proj.bias,20,k_proj,512,torch.bfloat16,16.179548263549805,0.0,0.0,0.0,0.0
model.layers.20.self_attn.k_proj.weight,20,k_proj,512x3584,torch.bfloat16,22.319252014160156,0.0,0.0,0.0,0.0
model.layers.20.self_attn.o_proj.weight,20,o_proj,3584x3584,torch.bfloat16,60.84767150878906,0.0,0.0,0.0,0.0
model.layers.20.self_attn.q_proj.bias,20,q_proj,3584,torch.bfloat16,79.29751586914062,0.0,0.0,0.0,0.0
model.layers.20.self_attn.q_proj.weight,20,q_proj,3584x3584,torch.bfloat16,58.6688346862793,0.0,0.0,0.0,0.0
model.layers.20.self_attn.v_proj.bias,20,v_proj,512,torch.bfloat16,2.4230167865753174,0.0,0.0,0.0,0.0
model.layers.20.self_attn.v_proj.weight,20,v_proj,512x3584,torch.bfloat16,25.890562057495117,0.0,0.0,0.0,0.0
model.layers.21.input_layernorm.weight,21,input_layernorm,3584,torch.bfloat16,59.94219970703125,0.0,0.0,0.0,0.0
model.layers.21.mlp.down_proj.weight,21,down_proj,3584x18944,torch.bfloat16,136.9502716064453,0.0,0.0,0.0,0.0
model.layers.21.mlp.gate_proj.weight,21,gate_proj,18944x3584,torch.bfloat16,135.70843505859375,0.0,0.0,0.0,0.0
model.layers.21.mlp.up_proj.weight,21,up_proj,18944x3584,torch.bfloat16,140.15362548828125,0.0,0.0,0.0,0.0
model.layers.21.post_attention_layernorm.weight,21,post_attention_layernorm,3584,torch.bfloat16,66.64929962158203,0.0,0.0,0.0,0.0
model.layers.21.self_attn.k_proj.bias,21,k_proj,512,torch.bfloat16,16.684141159057617,0.0,0.0,0.0,0.0
model.layers.21.self_attn.k_proj.weight,21,k_proj,512x3584,torch.bfloat16,19.950254440307617,0.0,0.0,0.0,0.0
model.layers.21.self_attn.o_proj.weight,21,o_proj,3584x3584,torch.bfloat16,63.18655776977539,0.0,0.0,0.0,0.0
model.layers.21.self_attn.q_proj.bias,21,q_proj,3584,torch.bfloat16,84.03852081298828,0.0,0.0,0.0,0.0
model.layers.21.self_attn.q_proj.weight,21,q_proj,3584x3584,torch.bfloat16,57.081825256347656,0.0,0.0,0.0,0.0
model.layers.21.self_attn.v_proj.bias,21,v_proj,512,torch.bfloat16,2.1306240558624268,0.0,0.0,0.0,0.0
model.layers.21.self_attn.v_proj.weight,21,v_proj,512x3584,torch.bfloat16,27.74821662902832,0.0,0.0,0.0,0.0
model.layers.22.input_layernorm.weight,22,input_layernorm,3584,torch.bfloat16,62.66670608520508,0.0,0.0,0.0,0.0
model.layers.22.mlp.down_proj.weight,22,down_proj,3584x18944,torch.bfloat16,137.9902801513672,0.0,0.0,0.0,0.0
model.layers.22.mlp.gate_proj.weight,22,gate_proj,18944x3584,torch.bfloat16,135.8865509033203,0.0,0.0,0.0,0.0
model.layers.22.mlp.up_proj.weight,22,up_proj,18944x3584,torch.bfloat16,140.89122009277344,0.0,0.0,0.0,0.0
model.layers.22.post_attention_layernorm.weight,22,post_attention_layernorm,3584,torch.bfloat16,73.50001525878906,0.0,0.0,0.0,0.0
model.layers.22.self_attn.k_proj.bias,22,k_proj,512,torch.bfloat16,15.573338508605957,0.0,0.0,0.0,0.0
model.layers.22.self_attn.k_proj.weight,22,k_proj,512x3584,torch.bfloat16,19.45240020751953,0.0,0.0,0.0,0.0
model.layers.22.self_attn.o_proj.weight,22,o_proj,3584x3584,torch.bfloat16,63.47041702270508,0.0,0.0,0.0,0.0
model.layers.22.self_attn.q_proj.bias,22,q_proj,3584,torch.bfloat16,72.40621185302734,0.0,0.0,0.0,0.0
model.layers.22.self_attn.q_proj.weight,22,q_proj,3584x3584,torch.bfloat16,58.092315673828125,0.0,0.0,0.0,0.0
model.layers.22.self_attn.v_proj.bias,22,v_proj,512,torch.bfloat16,2.4731712341308594,0.0,0.0,0.0,0.0
model.layers.22.self_attn.v_proj.weight,22,v_proj,512x3584,torch.bfloat16,27.147113800048828,0.0,0.0,0.0,0.0
model.layers.23.input_layernorm.weight,23,input_layernorm,3584,torch.bfloat16,58.69769287109375,0.0,0.0,0.0,0.0
model.layers.23.mlp.down_proj.weight,23,down_proj,3584x18944,torch.bfloat16,137.8665771484375,0.0,0.0,0.0,0.0
model.layers.23.mlp.gate_proj.weight,23,gate_proj,18944x3584,torch.bfloat16,137.11077880859375,0.0,0.0,0.0,0.0
model.layers.23.mlp.up_proj.weight,23,up_proj,18944x3584,torch.bfloat16,140.54798889160156,0.0,0.0,0.0,0.0
model.layers.23.post_attention_layernorm.weight,23,post_attention_layernorm,3584,torch.bfloat16,85.10198211669922,0.0,0.0,0.0,0.0
model.layers.23.self_attn.k_proj.bias,23,k_proj,512,torch.bfloat16,15.486348152160645,0.0,0.0,0.0,0.0
model.layers.23.self_attn.k_proj.weight,23,k_proj,512x3584,torch.bfloat16,20.537921905517578,0.0,0.0,0.0,0.0
model.layers.23.self_attn.o_proj.weight,23,o_proj,3584x3584,torch.bfloat16,64.91265869140625,0.0,0.0,0.0,0.0
model.layers.23.self_attn.q_proj.bias,23,q_proj,3584,torch.bfloat16,75.45263671875,0.0,0.0,0.0,0.0
model.layers.23.self_attn.q_proj.weight,23,q_proj,3584x3584,torch.bfloat16,59.45966339111328,0.0,0.0,0.0,0.0
model.layers.23.self_attn.v_proj.bias,23,v_proj,512,torch.bfloat16,7.376205921173096,0.0,0.0,0.0,0.0
model.layers.23.self_attn.v_proj.weight,23,v_proj,512x3584,torch.bfloat16,27.5555477142334,0.0,0.0,0.0,0.0
model.layers.24.input_layernorm.weight,24,input_layernorm,3584,torch.bfloat16,61.168724060058594,0.0,0.0,0.0,0.0
model.layers.24.mlp.down_proj.weight,24,down_proj,3584x18944,torch.bfloat16,140.046142578125,0.0,0.0,0.0,0.0
model.layers.24.mlp.gate_proj.weight,24,gate_proj,18944x3584,torch.bfloat16,134.7144012451172,0.0,0.0,0.0,0.0
model.layers.24.mlp.up_proj.weight,24,up_proj,18944x3584,torch.bfloat16,141.9132537841797,0.0,0.0,0.0,0.0
model.layers.24.post_attention_layernorm.weight,24,post_attention_layernorm,3584,torch.bfloat16,88.25456237792969,0.0,0.0,0.0,0.0
model.layers.24.self_attn.k_proj.bias,24,k_proj,512,torch.bfloat16,15.423946380615234,0.0,0.0,0.0,0.0
model.layers.24.self_attn.k_proj.weight,24,k_proj,512x3584,torch.bfloat16,19.462905883789062,0.0,0.0,0.0,0.0
model.layers.24.self_attn.o_proj.weight,24,o_proj,3584x3584,torch.bfloat16,65.2364273071289,0.0,0.0,0.0,0.0
model.layers.24.self_attn.q_proj.bias,24,q_proj,3584,torch.bfloat16,93.6589126586914,0.0,0.0,0.0,0.0
model.layers.24.self_attn.q_proj.weight,24,q_proj,3584x3584,torch.bfloat16,56.73692321777344,0.0,0.0,0.0,0.0
model.layers.24.self_attn.v_proj.bias,24,v_proj,512,torch.bfloat16,7.154875755310059,0.0,0.0,0.0,0.0
model.layers.24.self_attn.v_proj.weight,24,v_proj,512x3584,torch.bfloat16,31.0537109375,0.0,0.0,0.0,0.0
model.layers.25.input_layernorm.weight,25,input_layernorm,3584,torch.bfloat16,63.05812454223633,0.0,0.0,0.0,0.0
model.layers.25.mlp.down_proj.weight,25,down_proj,3584x18944,torch.bfloat16,142.7832489013672,0.0,0.0,0.0,0.0
model.layers.25.mlp.gate_proj.weight,25,gate_proj,18944x3584,torch.bfloat16,133.32717895507812,0.0,0.0,0.0,0.0
model.layers.25.mlp.up_proj.weight,25,up_proj,18944x3584,torch.bfloat16,143.4039306640625,0.0,0.0,0.0,0.0
model.layers.25.post_attention_layernorm.weight,25,post_attention_layernorm,3584,torch.bfloat16,96.76622009277344,0.0,0.0,0.0,0.0
model.layers.25.self_attn.k_proj.bias,25,k_proj,512,torch.bfloat16,17.143930435180664,0.0,0.0,0.0,0.0
model.layers.25.self_attn.k_proj.weight,25,k_proj,512x3584,torch.bfloat16,17.700407028198242,0.0,0.0,0.0,0.0
model.layers.25.self_attn.o_proj.weight,25,o_proj,3584x3584,torch.bfloat16,68.80322265625,0.0,0.0,0.0,0.0
model.layers.25.self_attn.q_proj.bias,25,q_proj,3584,torch.bfloat16,77.20738983154297,0.0,0.0,0.0,0.0
model.layers.25.self_attn.q_proj.weight,25,q_proj,3584x3584,torch.bfloat16,55.260555267333984,0.0,0.0,0.0,0.0
model.layers.25.self_attn.v_proj.bias,25,v_proj,512,torch.bfloat16,9.366129875183105,0.0,0.0,0.0,0.0
model.layers.25.self_attn.v_proj.weight,25,v_proj,512x3584,torch.bfloat16,33.9321174621582,0.0,0.0,0.0,0.0
model.layers.26.input_layernorm.weight,26,input_layernorm,3584,torch.bfloat16,74.450439453125,0.0,0.0,0.0,0.0
model.layers.26.mlp.down_proj.weight,26,down_proj,3584x18944,torch.bfloat16,142.70848083496094,0.0,0.0,0.0,0.0
model.layers.26.mlp.gate_proj.weight,26,gate_proj,18944x3584,torch.bfloat16,133.3563690185547,0.0,0.0,0.0,0.0
model.layers.26.mlp.up_proj.weight,26,up_proj,18944x3584,torch.bfloat16,144.85986328125,0.0,0.0,0.0,0.0
model.layers.26.post_attention_layernorm.weight,26,post_attention_layernorm,3584,torch.bfloat16,96.43370819091797,0.0,0.0,0.0,0.0
model.layers.26.self_attn.k_proj.bias,26,k_proj,512,torch.bfloat16,13.500542640686035,0.0,0.0,0.0,0.0
model.layers.26.self_attn.k_proj.weight,26,k_proj,512x3584,torch.bfloat16,16.942716598510742,0.0,0.0,0.0,0.0
model.layers.26.self_attn.o_proj.weight,26,o_proj,3584x3584,torch.bfloat16,71.5584487915039,0.0,0.0,0.0,0.0
model.layers.26.self_attn.q_proj.bias,26,q_proj,3584,torch.bfloat16,82.6484146118164,0.0,0.0,0.0,0.0
model.layers.26.self_attn.q_proj.weight,26,q_proj,3584x3584,torch.bfloat16,51.71805191040039,0.0,0.0,0.0,0.0
model.layers.26.self_attn.v_proj.bias,26,v_proj,512,torch.bfloat16,9.000923156738281,0.0,0.0,0.0,0.0
model.layers.26.self_attn.v_proj.weight,26,v_proj,512x3584,torch.bfloat16,40.575130462646484,0.0,0.0,0.0,0.0
model.layers.27.input_layernorm.weight,27,input_layernorm,3584,torch.bfloat16,90.04376220703125,0.0,0.0,0.0,0.0
model.layers.27.mlp.down_proj.weight,27,down_proj,3584x18944,torch.bfloat16,132.4913787841797,0.0,0.0,0.0,0.0
model.layers.27.mlp.gate_proj.weight,27,gate_proj,18944x3584,torch.bfloat16,138.70877075195312,0.0,0.0,0.0,0.0
model.layers.27.mlp.up_proj.weight,27,up_proj,18944x3584,torch.bfloat16,143.99021911621094,0.0,0.0,0.0,0.0
model.layers.27.post_attention_layernorm.weight,27,post_attention_layernorm,3584,torch.bfloat16,129.33680725097656,0.0,0.0,0.0,0.0
model.layers.27.self_attn.k_proj.bias,27,k_proj,512,torch.bfloat16,920.4673461914062,0.0,0.0,0.0,0.0
model.layers.27.self_attn.k_proj.weight,27,k_proj,512x3584,torch.bfloat16,18.00940704345703,0.0,0.0,0.0,0.0
model.layers.27.self_attn.o_proj.weight,27,o_proj,3584x3584,torch.bfloat16,66.82128143310547,0.0,0.0,0.0,0.0
model.layers.27.self_attn.q_proj.bias,27,q_proj,3584,torch.bfloat16,180.87464904785156,0.0,0.0,0.0,0.0
model.layers.27.self_attn.q_proj.weight,27,q_proj,3584x3584,torch.bfloat16,56.59437561035156,0.0,0.0,0.0,0.0
model.layers.27.self_attn.v_proj.bias,27,v_proj,512,torch.bfloat16,29.78465461730957,0.0,0.0,0.0,0.0
model.layers.27.self_attn.v_proj.weight,27,v_proj,512x3584,torch.bfloat16,36.67457962036133,0.0,0.0,0.0,0.0
model.layers.3.input_layernorm.weight,3,input_layernorm,3584,torch.bfloat16,23.13264274597168,0.0,0.0,0.0,0.0
model.layers.3.mlp.down_proj.weight,3,down_proj,3584x18944,torch.bfloat16,130.33242797851562,0.0,0.0,0.0,0.0
model.layers.3.mlp.gate_proj.weight,3,gate_proj,18944x3584,torch.bfloat16,152.46224975585938,0.0,0.0,0.0,0.0
model.layers.3.mlp.up_proj.weight,3,up_proj,18944x3584,torch.bfloat16,131.45130920410156,0.0,0.0,0.0,0.0
model.layers.3.post_attention_layernorm.weight,3,post_attention_layernorm,3584,torch.bfloat16,66.63565063476562,0.0,0.0,0.0,0.0
model.layers.3.self_attn.k_proj.bias,3,k_proj,512,torch.bfloat16,118.2458267211914,0.0,0.0,0.0,0.0
model.layers.3.self_attn.k_proj.weight,3,k_proj,512x3584,torch.bfloat16,32.4260139465332,0.0,0.0,0.0,0.0
model.layers.3.self_attn.o_proj.weight,3,o_proj,3584x3584,torch.bfloat16,53.04636001586914,0.0,0.0,0.0,0.0
model.layers.3.self_attn.q_proj.bias,3,q_proj,3584,torch.bfloat16,65.5036392211914,0.0,0.0,0.0,0.0
model.layers.3.self_attn.q_proj.weight,3,q_proj,3584x3584,torch.bfloat16,67.8528823852539,0.0,0.0,0.0,0.0
model.layers.3.self_attn.v_proj.bias,3,v_proj,512,torch.bfloat16,4.126330852508545,0.0,0.0,0.0,0.0
model.layers.3.self_attn.v_proj.weight,3,v_proj,512x3584,torch.bfloat16,17.251144409179688,0.0,0.0,0.0,0.0
model.layers.4.input_layernorm.weight,4,input_layernorm,3584,torch.bfloat16,31.54090118408203,0.0,0.0,0.0,0.0
model.layers.4.mlp.down_proj.weight,4,down_proj,3584x18944,torch.bfloat16,127.9095687866211,0.0,0.0,0.0,0.0
model.layers.4.mlp.gate_proj.weight,4,gate_proj,18944x3584,torch.bfloat16,155.566162109375,0.0,0.0,0.0,0.0
model.layers.4.mlp.up_proj.weight,4,up_proj,18944x3584,torch.bfloat16,128.7771453857422,0.0,0.0,0.0,0.0
model.layers.4.post_attention_layernorm.weight,4,post_attention_layernorm,3584,torch.bfloat16,64.45880126953125,0.0,0.0,0.0,0.0
model.layers.4.self_attn.k_proj.bias,4,k_proj,512,torch.bfloat16,11.382330894470215,0.0,0.0,0.0,0.0
model.layers.4.self_attn.k_proj.weight,4,k_proj,512x3584,torch.bfloat16,29.07743263244629,0.0,0.0,0.0,0.0
model.layers.4.self_attn.o_proj.weight,4,o_proj,3584x3584,torch.bfloat16,53.256046295166016,0.0,0.0,0.0,0.0
model.layers.4.self_attn.q_proj.bias,4,q_proj,3584,torch.bfloat16,112.0026626586914,0.0,0.0,0.0,0.0
model.layers.4.self_attn.q_proj.weight,4,q_proj,3584x3584,torch.bfloat16,64.61992645263672,0.0,0.0,0.0,0.0
model.layers.4.self_attn.v_proj.bias,4,v_proj,512,torch.bfloat16,1.494275450706482,0.0,0.0,0.0,0.0
model.layers.4.self_attn.v_proj.weight,4,v_proj,512x3584,torch.bfloat16,20.84697723388672,0.0,0.0,0.0,0.0
model.layers.5.input_layernorm.weight,5,input_layernorm,3584,torch.bfloat16,37.02198028564453,0.0,0.0,0.0,0.0
model.layers.5.mlp.down_proj.weight,5,down_proj,3584x18944,torch.bfloat16,131.13182067871094,0.0,0.0,0.0,0.0
model.layers.5.mlp.gate_proj.weight,5,gate_proj,18944x3584,torch.bfloat16,148.27220153808594,0.0,0.0,0.0,0.0
model.layers.5.mlp.up_proj.weight,5,up_proj,18944x3584,torch.bfloat16,133.0219268798828,0.0,0.0,0.0,0.0
model.layers.5.post_attention_layernorm.weight,5,post_attention_layernorm,3584,torch.bfloat16,75.82816314697266,0.0,0.0,0.0,0.0
model.layers.5.self_attn.k_proj.bias,5,k_proj,512,torch.bfloat16,15.040130615234375,0.0,0.0,0.0,0.0
model.layers.5.self_attn.k_proj.weight,5,k_proj,512x3584,torch.bfloat16,26.628040313720703,0.0,0.0,0.0,0.0
model.layers.5.self_attn.o_proj.weight,5,o_proj,3584x3584,torch.bfloat16,53.34295654296875,0.0,0.0,0.0,0.0
model.layers.5.self_attn.q_proj.bias,5,q_proj,3584,torch.bfloat16,104.37271881103516,0.0,0.0,0.0,0.0
model.layers.5.self_attn.q_proj.weight,5,q_proj,3584x3584,torch.bfloat16,63.15556335449219,0.0,0.0,0.0,0.0
model.layers.5.self_attn.v_proj.bias,5,v_proj,512,torch.bfloat16,1.7651327848434448,0.0,0.0,0.0,0.0
model.layers.5.self_attn.v_proj.weight,5,v_proj,512x3584,torch.bfloat16,19.8283634185791,0.0,0.0,0.0,0.0
model.layers.6.input_layernorm.weight,6,input_layernorm,3584,torch.bfloat16,32.82505798339844,0.0,0.0,0.0,0.0
model.layers.6.mlp.down_proj.weight,6,down_proj,3584x18944,torch.bfloat16,126.79438781738281,0.0,0.0,0.0,0.0
model.layers.6.mlp.gate_proj.weight,6,gate_proj,18944x3584,torch.bfloat16,150.03587341308594,0.0,0.0,0.0,0.0
model.layers.6.mlp.up_proj.weight,6,up_proj,18944x3584,torch.bfloat16,128.8455047607422,0.0,0.0,0.0,0.0
model.layers.6.post_attention_layernorm.weight,6,post_attention_layernorm,3584,torch.bfloat16,42.66761779785156,0.0,0.0,0.0,0.0
model.layers.6.self_attn.k_proj.bias,6,k_proj,512,torch.bfloat16,26.674694061279297,0.0,0.0,0.0,0.0
model.layers.6.self_attn.k_proj.weight,6,k_proj,512x3584,torch.bfloat16,28.531784057617188,0.0,0.0,0.0,0.0
model.layers.6.self_attn.o_proj.weight,6,o_proj,3584x3584,torch.bfloat16,54.89359664916992,0.0,0.0,0.0,0.0
model.layers.6.self_attn.q_proj.bias,6,q_proj,3584,torch.bfloat16,109.74529266357422,0.0,0.0,0.0,0.0
model.layers.6.self_attn.q_proj.weight,6,q_proj,3584x3584,torch.bfloat16,64.19810485839844,0.0,0.0,0.0,0.0
model.layers.6.self_attn.v_proj.bias,6,v_proj,512,torch.bfloat16,1.7207125425338745,0.0,0.0,0.0,0.0
model.layers.6.self_attn.v_proj.weight,6,v_proj,512x3584,torch.bfloat16,20.671754837036133,0.0,0.0,0.0,0.0
model.layers.7.input_layernorm.weight,7,input_layernorm,3584,torch.bfloat16,38.23427963256836,0.0,0.0,0.0,0.0
model.layers.7.mlp.down_proj.weight,7,down_proj,3584x18944,torch.bfloat16,131.74876403808594,0.0,0.0,0.0,0.0
model.layers.7.mlp.gate_proj.weight,7,gate_proj,18944x3584,torch.bfloat16,140.59414672851562,0.0,0.0,0.0,0.0
model.layers.7.mlp.up_proj.weight,7,up_proj,18944x3584,torch.bfloat16,132.26878356933594,0.0,0.0,0.0,0.0
model.layers.7.post_attention_layernorm.weight,7,post_attention_layernorm,3584,torch.bfloat16,39.65559387207031,0.0,0.0,0.0,0.0
model.layers.7.self_attn.k_proj.bias,7,k_proj,512,torch.bfloat16,23.974411010742188,0.0,0.0,0.0,0.0
model.layers.7.self_attn.k_proj.weight,7,k_proj,512x3584,torch.bfloat16,23.839759826660156,0.0,0.0,0.0,0.0
model.layers.7.self_attn.o_proj.weight,7,o_proj,3584x3584,torch.bfloat16,60.237518310546875,0.0,0.0,0.0,0.0
model.layers.7.self_attn.q_proj.bias,7,q_proj,3584,torch.bfloat16,74.37349700927734,0.0,0.0,0.0,0.0
model.layers.7.self_attn.q_proj.weight,7,q_proj,3584x3584,torch.bfloat16,60.82270431518555,0.0,0.0,0.0,0.0
model.layers.7.self_attn.v_proj.bias,7,v_proj,512,torch.bfloat16,1.204006314277649,0.0,0.0,0.0,0.0
model.layers.7.self_attn.v_proj.weight,7,v_proj,512x3584,torch.bfloat16,24.670991897583008,0.0,0.0,0.0,0.0
model.layers.8.input_layernorm.weight,8,input_layernorm,3584,torch.bfloat16,41.05282211303711,0.0,0.0,0.0,0.0
model.layers.8.mlp.down_proj.weight,8,down_proj,3584x18944,torch.bfloat16,133.15432739257812,0.0,0.0,0.0,0.0
model.layers.8.mlp.gate_proj.weight,8,gate_proj,18944x3584,torch.bfloat16,138.09518432617188,0.0,0.0,0.0,0.0
model.layers.8.mlp.up_proj.weight,8,up_proj,18944x3584,torch.bfloat16,134.70176696777344,0.0,0.0,0.0,0.0
model.layers.8.post_attention_layernorm.weight,8,post_attention_layernorm,3584,torch.bfloat16,42.855979919433594,0.0,0.0,0.0,0.0
model.layers.8.self_attn.k_proj.bias,8,k_proj,512,torch.bfloat16,12.993257522583008,0.0,0.0,0.0,0.0
model.layers.8.self_attn.k_proj.weight,8,k_proj,512x3584,torch.bfloat16,27.27207374572754,0.0,0.0,0.0,0.0
model.layers.8.self_attn.o_proj.weight,8,o_proj,3584x3584,torch.bfloat16,55.166683197021484,0.0,0.0,0.0,0.0
model.layers.8.self_attn.q_proj.bias,8,q_proj,3584,torch.bfloat16,103.95499420166016,0.0,0.0,0.0,0.0
model.layers.8.self_attn.q_proj.weight,8,q_proj,3584x3584,torch.bfloat16,63.31094741821289,0.0,0.0,0.0,0.0
model.layers.8.self_attn.v_proj.bias,8,v_proj,512,torch.bfloat16,1.5909477472305298,0.0,0.0,0.0,0.0
model.layers.8.self_attn.v_proj.weight,8,v_proj,512x3584,torch.bfloat16,20.603065490722656,0.0,0.0,0.0,0.0
model.layers.9.input_layernorm.weight,9,input_layernorm,3584,torch.bfloat16,46.153350830078125,0.0,0.0,0.0,0.0
model.layers.9.mlp.down_proj.weight,9,down_proj,3584x18944,torch.bfloat16,122.42724609375,0.0,0.0,0.0,0.0
model.layers.9.mlp.gate_proj.weight,9,gate_proj,18944x3584,torch.bfloat16,151.28085327148438,0.0,0.0,0.0,0.0
model.layers.9.mlp.up_proj.weight,9,up_proj,18944x3584,torch.bfloat16,124.10502624511719,0.0,0.0,0.0,0.0
model.layers.9.post_attention_layernorm.weight,9,post_attention_layernorm,3584,torch.bfloat16,65.56195831298828,0.0,0.0,0.0,0.0
model.layers.9.self_attn.k_proj.bias,9,k_proj,512,torch.bfloat16,17.135297775268555,0.0,0.0,0.0,0.0
model.layers.9.self_attn.k_proj.weight,9,k_proj,512x3584,torch.bfloat16,23.261804580688477,0.0,0.0,0.0,0.0
model.layers.9.self_attn.o_proj.weight,9,o_proj,3584x3584,torch.bfloat16,60.389625549316406,0.0,0.0,0.0,0.0
model.layers.9.self_attn.q_proj.bias,9,q_proj,3584,torch.bfloat16,74.325439453125,0.0,0.0,0.0,0.0
model.layers.9.self_attn.q_proj.weight,9,q_proj,3584x3584,torch.bfloat16,58.596195220947266,0.0,0.0,0.0,0.0
model.layers.9.self_attn.v_proj.bias,9,v_proj,512,torch.bfloat16,1.849244475364685,0.0,0.0,0.0,0.0
model.layers.9.self_attn.v_proj.weight,9,v_proj,512x3584,torch.bfloat16,24.755931854248047,0.0,0.0,0.0,0.0
model.norm.weight,,final_norm,3584,torch.bfloat16,233.3655242919922,0.0,0.0,0.0,0.0
